n_lines,n_pops,coverage,r_overall,rho_overall,r_between_pops,rho_within_pops,top10_precision,gain_selected_bu,gain_max_bu,gain_captured_pct,cluster,test_year,model,final_holdout,ridge_alpha
13385,76,1.0,-0.0039774699333040104,-0.003982697412583858,-0.1766634616405011,0.0056367515565903595,0.09940209267563528,-0.5349556203305247,21.209958907484566,-2.522190743810209,C1,2004,B0,False,
13385,76,1.0,0.27215601366041214,0.2509765545559814,0.3978351634462193,,0.23467862481315396,7.620888043551077,21.209958907484566,35.93070631014669,C1,2004,B1,False,
13385,76,1.0,0.19085035603969136,0.1510025228434781,0.29358423907983233,,0.11883408071748879,2.5583345121916037,21.209958907484566,12.06194940476202,C1,2004,B2,False,
13385,76,1.0,0.20219893620070736,0.16285721341684223,0.2859601584101076,,0.02914798206278027,-0.9768142182350119,21.209958907484566,-4.605450781379468,C1,2004,B3,False,1000.0
11639,68,1.0,-0.006995724278234165,-0.002019753538504947,0.0015037698437483237,-0.0016963062378887032,0.09020618556701031,-0.25460837302552186,25.64515050632136,-0.9928129412333243,C1,2005,B0,False,
11639,68,1.0,0.13805526934136636,0.1822380941783806,0.15703889350196829,,0.014604810996563574,-5.598290468684188,25.64515050632136,-21.829821070085927,C1,2005,B1,False,
11639,68,1.0,0.3855947663520184,0.3569272004816407,0.4640769768003895,,0.07560137457044673,2.29318613057243,25.64515050632136,8.94198741398369,C1,2005,B2,False,
11639,68,1.0,0.46442754850978024,0.4578609068317061,0.5693724261015692,,0.1331615120274914,9.330952764471327,25.64515050632136,36.38486255782086,C1,2005,B3,False,1000.0
9273,58,1.0,0.008569629849722671,0.008503665433659994,0.132277559072439,0.001652143246146856,0.10355987055016182,1.233130877427789,28.133768321622732,4.383098855904216,C1,2006,B0,False,
9273,58,1.0,0.41519508066290467,0.3769046609481151,0.4840691631266294,,0.11003236245954692,4.696098216328919,28.133768321622732,16.692034151428075,C1,2006,B1,False,
9273,58,1.0,0.5737116753282069,0.6027088988349426,0.6689056213314518,,0.46817691477885653,20.920693305663953,28.133768321622732,74.36150417711717,C1,2006,B2,False,
9273,58,1.0,0.5929851630230651,0.6080406415840852,0.6874734852009646,,0.3193096008629989,16.445507079519423,28.133768321622732,58.45469007747505,C1,2006,B3,False,1000.0
6158,51,1.0,-0.01149460474498606,-0.00679387542118934,-0.19900091582028584,-0.006235938089372804,0.07954545454545454,-0.4569062044565455,30.939443122778762,-1.476775786310628,C1,2007,B0,False,
6158,51,1.0,0.10009628310851884,0.14540709429850465,0.12862926695459426,,0.12012987012987013,4.25500961016978,30.939443122778762,13.752702636839267,C1,2007,B1,False,
6158,51,1.0,0.2255016012986674,0.26252058506754433,0.2882562144350154,,0.1038961038961039,5.227421987775484,30.939443122778762,16.895656353707487,C1,2007,B2,False,
6158,51,1.0,0.22493996473618233,0.25725722249417815,0.3014722294900526,,0.040584415584415584,0.28078328931353846,30.939443122778762,0.9075253494359613,C1,2007,B3,False,1000.0
7429,71,1.0,0.00411613052840738,0.011927199721080844,0.10784184211243766,0.008881851030549356,0.10363391655450875,-0.2226899838983073,33.51780320458505,-0.6643931362060285,C1,2008,B0,True,
7429,71,1.0,0.32124591825243864,0.3295827038922006,0.3767172636994171,,0.33243606998654107,10.33144181372543,33.51780320458505,30.82374387922937,C1,2008,B1,True,
7429,71,1.0,0.3332895267182873,0.3381310178973523,0.3567319179490721,,0.15746971736204576,1.6150682359749111,33.51780320458505,4.818538452883985,C1,2008,B2,True,
7429,71,1.0,0.33143733246640183,0.3732217077183394,0.34083589673911724,,0.3082099596231494,8.257581830907066,33.51780320458505,24.63640525754228,C1,2008,B3,True,10000.0
14514,82,1.0,-0.004546444234204835,-0.004752586669988817,0.08335153042216768,-0.007512995382985152,0.11164713990351481,-0.28158880748757054,22.58043860096131,-1.2470475550265996,C2,2004,B0,False,
14514,82,1.0,0.11504879454616156,0.12720931208151762,0.14524695303650814,,0.11578221915920055,3.3397263047569177,22.58043860096131,14.79035178977762,C2,2004,B1,False,
14514,82,1.0,0.14591883759124405,0.11768999341359151,0.1891042800860745,,0.10268780151619572,0.7076530798016347,22.58043860096131,3.1339208786294703,C2,2004,B2,False,
14514,82,1.0,0.2019173245692198,0.18240640267670138,0.2647167293688632,,0.06547208821502412,-1.3180922339503938,22.58043860096131,-5.8373190053725486,C2,2004,B3,False,1000.0
12337,74,1.0,-0.00910388044200397,-0.005736963930750871,-0.03507952475430409,-0.010453807839943227,0.10291734197730956,-0.4598276565460421,25.75292006361227,-1.78553599129816,C2,2005,B0,False,
12337,74,1.0,0.3397334966241128,0.3076733978373797,0.38247454874531694,,0.2698541329011345,14.595112647749277,25.75292006361227,56.67362229874476,C2,2005,B1,False,
12337,74,1.0,0.4199176167438813,0.4283932924509117,0.4941611810399667,,0.21312803889789303,13.468728689753037,25.75292006361227,52.29981165818844,C2,2005,B2,False,
12337,74,1.0,0.501345072763881,0.5233435095448536,0.5882394602078862,,0.2025931928687196,12.444759366686545,25.75292006361227,48.32368265791512,C2,2005,B3,False,1000.0
6525,39,1.0,0.010525147688249822,0.008891162331944119,0.09327718200752122,-0.005656047432409207,0.09662576687116564,0.7048434263418815,29.735337109412356,2.3703898958615537,C2,2006,B0,False,
6525,39,1.0,0.4377764018779422,0.32808631476260347,0.49493523888470303,,0.10122699386503067,9.76219844733127,29.735337109412356,32.830293503688466,C2,2006,B1,False,
6525,39,1.0,0.4891742526228102,0.3495095991342183,0.5373573425514485,,0.10122699386503067,12.088225514819737,29.735337109412356,40.65272732688596,C2,2006,B2,False,
6525,39,1.0,0.5253162252260886,0.45048898772725976,0.5540697336294517,,0.19785276073619631,13.208675072434726,29.735337109412356,44.420801499014054,C2,2006,B3,False,1000.0
6051,51,1.0,0.002451232971325825,-0.0001358259733463877,-0.03625552247196834,-0.0004796229090694747,0.09256198347107437,-0.06411365656156756,25.60759161973105,-0.25036972439128946,C2,2007,B0,False,
6051,51,1.0,0.28659955331351317,0.27798712064491443,0.35576192269148943,,0.12231404958677686,5.340920803412047,25.60759161973105,20.856786857287993,C2,2007,B1,False,
6051,51,1.0,0.33616607883264904,0.29662704559611247,0.43765392627505784,,0.06611570247933884,3.61521059809402,25.60759161973105,14.117729819263612,C2,2007,B2,False,
6051,51,1.0,0.3747944434176584,0.36275302407513144,0.478727728781299,,0.009917355371900827,-1.6422961112737136,25.60759161973105,-6.413317330507172,C2,2007,B3,False,1000.0
8532,86,1.0,0.006146273068062149,0.006651933409920349,-0.007652973164611755,0.0010922312983423054,0.09730363423212192,0.052340863861465525,29.810061373421096,0.17558120127901877,C2,2008,B0,True,
8532,86,1.0,0.2790694359476862,0.3630238217841832,0.33212395715821563,,0.2790152403282532,15.264342218224007,29.810061373421096,51.20533643662279,C2,2008,B1,True,
8532,86,1.0,0.5712809434712076,0.5632251486550295,0.6293749284705668,,0.32825322391559203,17.25531989982066,29.810061373421096,57.88421460683623,C2,2008,B2,True,
8532,86,1.0,0.6455385609839426,0.6293161091204351,0.7099073856336958,,0.31652989449003516,16.687472626846066,29.810061373421096,55.97932999133225,C2,2008,B3,True,1000.0
