YEAR,N_LINES,N_POPS,PEV_MEAN,S2_G_WITHIN,S2_G_BETWEEN,H2_LINE_WITHIN,POP_PEV_MEAN,POP_MEAN_REL,SIGMA2_E_MEDIAN,SIGMA2_POPxENV,CLUSTER,TRAIT
2000,4554,26,32.467,25.092,0.0,0.436,71.52,0.0,240.599,127.829,C1,YLD_BE
2001,5923,34,40.246,36.0,113.299,0.472,79.172,0.589,240.599,127.829,C1,YLD_BE
2002,6595,41,45.509,36.961,185.654,0.448,73.519,0.716,240.599,127.829,C1,YLD_BE
2003,12425,74,44.73,22.342,71.598,0.333,32.951,0.685,240.599,127.829,C1,YLD_BE
2004,13385,76,45.529,37.668,72.871,0.453,31.712,0.697,240.599,127.829,C1,YLD_BE
2005,11639,68,40.301,34.778,123.276,0.463,32.071,0.794,240.599,127.829,C1,YLD_BE
2006,9273,58,43.01,28.211,196.947,0.396,44.53,0.816,240.599,127.829,C1,YLD_BE
2007,6158,51,46.849,36.304,126.263,0.437,66.467,0.655,240.599,127.829,C1,YLD_BE
2008,7429,71,35.901,36.708,112.546,0.506,90.421,0.555,240.599,127.829,C1,YLD_BE
2000,4554,26,0.118,0.297,2.605,0.715,1.421,0.647,0.946,2.569,C1,MST
2001,5924,34,0.147,0.334,5.245,0.695,1.5,0.778,0.946,2.569,C1,MST
2002,6596,41,0.12,0.315,2.914,0.725,1.373,0.68,0.946,2.569,C1,MST
2003,12431,74,0.415,0.522,17.356,0.557,0.674,0.963,0.946,2.569,C1,MST
2004,13385,76,0.231,0.334,14.407,0.591,0.618,0.959,0.946,2.569,C1,MST
2005,11642,68,0.133,0.135,5.632,0.504,0.671,0.894,0.946,2.569,C1,MST
2006,9274,58,0.134,0.242,8.082,0.643,0.904,0.899,0.946,2.569,C1,MST
2007,6159,51,0.109,0.275,11.527,0.716,1.186,0.907,0.946,2.569,C1,MST
2008,7415,71,0.341,0.363,25.561,0.516,1.775,0.935,0.946,2.569,C1,MST
2000,4554,26,0.567,0.318,0.225,0.36,1.039,0.178,0.908,1.0,C1,TWT
2001,5924,34,0.148,0.212,2.326,0.588,0.621,0.789,0.908,1.0,C1,TWT
2002,6593,41,0.204,0.359,1.481,0.638,0.667,0.689,0.908,1.0,C1,TWT
2003,12431,74,0.251,0.266,1.069,0.514,0.257,0.806,0.908,1.0,C1,TWT
2004,13385,76,0.165,0.193,1.095,0.539,0.256,0.811,0.908,1.0,C1,TWT
2005,11642,68,0.147,0.105,2.031,0.417,0.289,0.876,0.908,1.0,C1,TWT
2006,9274,58,0.147,0.168,2.695,0.533,0.389,0.874,0.908,1.0,C1,TWT
2007,6156,51,0.143,0.315,0.684,0.689,0.937,0.422,0.908,1.0,C1,TWT
2008,7398,71,0.11,0.201,0.0,0.646,1.567,0.0,0.908,1.0,C1,TWT
2000,4554,26,4.87,3.27,94.536,0.402,9.947,0.905,5.849,8.078,C1,STLP
2001,5762,33,2.664,0.343,0.0,0.114,8.04,0.0,5.849,8.078,C1,STLP
2002,6589,41,2.614,15.36,0.0,0.855,7.334,0.0,5.849,8.078,C1,STLP
2003,12384,74,7.595,5.562,3.534,0.423,6.185,0.364,5.849,8.078,C1,STLP
2004,12840,74,2.158,1.279,0.0,0.372,7.574,0.0,5.849,8.078,C1,STLP
2005,11613,68,2.774,0.0,0.0,0.0,4.151,0.0,5.849,8.078,C1,STLP
2006,9270,58,4.979,0.0,6.142,0.0,6.303,0.494,5.849,8.078,C1,STLP
2007,5944,49,4.525,0.0,0.0,0.0,12.426,0.0,5.849,8.078,C1,STLP
2008,7001,67,3.876,4.923,0.0,0.56,15.388,0.0,5.849,8.078,C1,STLP
2000,4187,24,2.878,13.979,0.0,0.829,27.572,0.0,4.856,32.421,C1,RTLP
2001,5757,33,14.054,33.35,35.088,0.704,52.778,0.399,4.856,32.421,C1,RTLP
2002,5906,37,10.476,2.969,0.0,0.221,29.44,0.0,4.856,32.421,C1,RTLP
2003,12145,73,8.843,16.356,0.0,0.649,45.189,0.0,4.856,32.421,C1,RTLP
2004,12995,74,31.827,7.029,17.807,0.181,60.141,0.228,4.856,32.421,C1,RTLP
2005,11023,64,7.699,6.354,0.0,0.452,42.763,0.0,4.856,32.421,C1,RTLP
2006,9071,57,11.676,16.013,0.0,0.578,37.735,0.0,4.856,32.421,C1,RTLP
2007,5266,45,5.197,1.941,0.0,0.272,37.478,0.0,4.856,32.421,C1,RTLP
2008,5570,55,5.471,20.702,0.0,0.791,40.672,0.0,4.856,32.421,C1,RTLP
2000,2724,16,3.462,16.403,0.0,0.826,9.74,0.0,16.214,11.515,C1,PHT
2001,3091,18,4.234,15.933,0.0,0.79,8.994,0.0,16.214,11.515,C1,PHT
2002,5127,33,6.457,6.292,0.0,0.494,7.785,0.0,16.214,11.515,C1,PHT
2003,8652,53,7.296,6.514,4.818,0.472,9.961,0.326,16.214,11.515,C1,PHT
2004,12918,74,7.283,2.997,27.955,0.292,13.963,0.667,16.214,11.515,C1,PHT
2005,11476,67,7.256,3.428,8.38,0.321,9.385,0.472,16.214,11.515,C1,PHT
2006,7692,49,6.512,5.494,2.644,0.458,9.435,0.219,16.214,11.515,C1,PHT
2007,4941,41,7.496,7.04,0.0,0.484,11.63,0.0,16.214,11.515,C1,PHT
2008,4172,41,4.117,6.86,0.0,0.625,9.95,0.0,16.214,11.515,C1,PHT
2000,1845,11,3.721,12.616,0.0,0.772,6.33,0.0,16.056,7.705,C1,EHT
2001,2902,17,4.697,10.623,0.0,0.693,6.232,0.0,16.056,7.705,C1,EHT
2002,4343,27,6.566,2.352,0.616,0.264,4.242,0.127,16.056,7.705,C1,EHT
2003,7711,50,6.284,5.184,2.258,0.452,5.919,0.276,16.056,7.705,C1,EHT
2004,10338,60,7.602,3.787,0.347,0.333,9.653,0.035,16.056,7.705,C1,EHT
2005,10975,65,7.082,4.962,2.031,0.412,10.884,0.157,16.056,7.705,C1,EHT
2006,7675,49,5.804,6.492,5.339,0.528,6.527,0.45,16.056,7.705,C1,EHT
2007,4941,41,7.842,5.537,0.0,0.414,8.022,0.0,16.056,7.705,C1,EHT
2008,4161,41,5.115,5.715,0.0,0.528,6.91,0.0,16.056,7.705,C1,EHT
2000,3468,20,0.433,1.228,46.759,0.739,3.634,0.928,1.807,2.707,C1,ERM
2001,5184,30,0.272,0.995,88.974,0.786,4.741,0.949,1.807,2.707,C1,ERM
2002,3556,23,0.292,1.071,10.453,0.786,2.763,0.791,1.807,2.707,C1,ERM
2003,5364,31,0.278,0.623,30.494,0.691,1.347,0.958,1.807,2.707,C1,ERM
2004,7653,44,0.279,0.619,30.308,0.689,0.885,0.972,1.807,2.707,C1,ERM
2005,10616,62,0.646,0.756,27.518,0.539,1.109,0.961,1.807,2.707,C1,ERM
2006,9241,58,0.369,0.649,37.742,0.638,1.552,0.961,1.807,2.707,C1,ERM
2007,5993,50,0.745,1.461,28.393,0.662,2.026,0.933,1.807,2.707,C1,ERM
2008,6650,65,1.351,1.158,41.361,0.462,4.987,0.892,1.807,2.707,C1,ERM
2000,2598,15,27.868,27.971,105.914,0.501,94.991,0.527,231.434,123.081,C2,YLD_BE
2001,5695,32,33.632,27.572,101.334,0.45,67.731,0.599,231.434,123.081,C2,YLD_BE
2002,7590,45,38.856,30.856,91.379,0.443,97.817,0.483,231.434,123.081,C2,YLD_BE
2003,12439,74,44.145,17.156,78.008,0.28,32.581,0.705,231.434,123.081,C2,YLD_BE
2004,14514,82,44.401,24.161,68.112,0.352,28.843,0.703,231.434,123.081,C2,YLD_BE
2005,12337,74,42.323,30.461,180.967,0.419,31.343,0.852,231.434,123.081,C2,YLD_BE
2006,6525,39,43.488,31.515,322.444,0.42,54.928,0.854,231.434,123.081,C2,YLD_BE
2007,6051,51,38.398,25.59,105.428,0.4,62.938,0.626,231.434,123.081,C2,YLD_BE
2008,8532,86,42.207,35.735,270.748,0.458,75.442,0.782,231.434,123.081,C2,YLD_BE
2000,2597,15,0.097,0.297,6.767,0.753,1.83,0.787,0.973,2.576,C2,MST
2001,5695,32,0.166,0.339,3.637,0.671,1.514,0.706,0.973,2.576,C2,MST
2002,7761,46,0.23,0.153,14.059,0.4,1.884,0.882,0.973,2.576,C2,MST
2003,12442,74,0.355,0.332,9.804,0.483,0.671,0.936,0.973,2.576,C2,MST
2004,14514,82,0.197,0.246,16.674,0.556,0.555,0.968,0.973,2.576,C2,MST
2005,12338,74,0.141,0.109,7.952,0.435,0.635,0.926,0.973,2.576,C2,MST
2006,6527,39,0.175,0.121,12.301,0.408,1.079,0.919,0.973,2.576,C2,MST
2007,6051,51,0.126,0.138,6.715,0.523,1.405,0.827,0.973,2.576,C2,MST
2008,8533,86,0.311,0.339,10.568,0.521,1.752,0.858,0.973,2.576,C2,MST
2000,2598,15,0.684,0.403,0.477,0.371,1.614,0.228,0.935,1.0,C2,TWT
2001,5695,32,0.211,0.168,2.222,0.444,0.573,0.795,0.935,1.0,C2,TWT
2002,7591,45,0.231,0.268,2.612,0.537,1.106,0.703,0.935,1.0,C2,TWT
2003,12442,74,0.211,0.178,1.357,0.458,0.257,0.841,0.935,1.0,C2,TWT
2004,14514,82,0.17,0.127,2.389,0.428,0.248,0.906,0.935,1.0,C2,TWT
2005,12338,74,0.14,0.134,2.185,0.489,0.278,0.887,0.935,1.0,C2,TWT
2006,6524,39,0.122,0.181,2.841,0.598,0.573,0.832,0.935,1.0,C2,TWT
2007,6049,51,0.109,0.274,0.089,0.716,0.856,0.094,0.935,1.0,C2,TWT
2008,8338,84,0.144,0.207,0.294,0.59,1.108,0.21,0.935,1.0,C2,TWT
2000,2598,15,6.668,2.511,164.958,0.274,13.361,0.925,5.539,11.574,C2,STLP
2001,5507,31,1.643,0.658,0.0,0.286,11.667,0.0,5.539,11.574,C2,STLP
2002,7404,44,4.227,3.228,0.0,0.433,15.525,0.0,5.539,11.574,C2,STLP
2003,12251,73,5.23,1.375,16.287,0.208,6.953,0.701,5.539,11.574,C2,STLP
2004,13263,76,5.866,0.0,17.333,0.0,13.367,0.565,5.539,11.574,C2,STLP
2005,12033,73,2.126,0.0,26.994,0.0,6.319,0.81,5.539,11.574,C2,STLP
2006,6148,37,5.469,0.898,51.777,0.141,7.835,0.869,5.539,11.574,C2,STLP
2007,5869,50,3.211,5.715,0.0,0.64,20.302,0.0,5.539,11.574,C2,STLP
2008,7255,72,5.001,1.236,63.634,0.198,27.036,0.702,5.539,11.574,C2,STLP
2000,2232,13,6.697,15.004,0.0,0.691,35.967,0.0,8.403,46.185,C2,RTLP
2001,5334,30,34.518,11.215,0.0,0.245,72.285,0.0,8.403,46.185,C2,RTLP
2002,6152,37,17.796,7.437,0.0,0.295,66.073,0.0,8.403,46.185,C2,RTLP
2003,10972,66,11.541,18.016,99.563,0.61,72.258,0.579,8.403,46.185,C2,RTLP
2004,13593,77,46.251,17.689,106.333,0.277,51.649,0.673,8.403,46.185,C2,RTLP
2005,11538,69,9.709,0.0,0.0,0.0,45.789,0.0,8.403,46.185,C2,RTLP
2006,6169,37,20.198,0.0,0.0,0.0,65.181,0.0,8.403,46.185,C2,RTLP
2007,4801,39,2.64,1.363,59.998,0.34,72.686,0.452,8.403,46.185,C2,RTLP
2008,7604,77,18.351,2.232,34.78,0.108,65.745,0.346,8.403,46.185,C2,RTLP
2000,1902,11,3.379,11.253,0.0,0.769,7.327,0.0,15.584,9.1,C2,PHT
2001,3030,17,4.971,12.251,7.197,0.711,5.916,0.549,15.584,9.1,C2,PHT
2002,6000,36,6.175,4.283,0.0,0.41,6.355,0.0,15.584,9.1,C2,PHT
2003,11680,70,15.139,0.0,8.448,0.0,9.331,0.475,15.584,9.1,C2,PHT
2004,14113,80,7.51,3.2,21.957,0.299,10.635,0.674,15.584,9.1,C2,PHT
2005,11767,71,8.326,1.024,13.257,0.11,7.753,0.631,15.584,9.1,C2,PHT
2006,4744,29,5.821,5.233,4.139,0.473,8.0,0.341,15.584,9.1,C2,PHT
2007,4567,39,4.422,7.273,0.0,0.622,9.695,0.0,15.584,9.1,C2,PHT
2008,4970,51,3.025,9.167,0.0,0.752,8.665,0.0,15.584,9.1,C2,PHT
2000,1902,11,3.373,12.188,0.0,0.783,5.025,0.0,15.288,5.9,C2,EHT
2001,3023,17,4.406,8.222,7.686,0.651,3.785,0.67,15.288,5.9,C2,EHT
2002,5828,35,5.315,3.284,0.0,0.382,4.344,0.0,15.288,5.9,C2,EHT
2003,9281,59,8.212,2.902,1.166,0.261,5.378,0.178,15.288,5.9,C2,EHT
2004,11501,66,7.467,3.361,2.619,0.31,5.258,0.333,15.288,5.9,C2,EHT
2005,11126,68,6.632,4.146,1.142,0.385,9.292,0.109,15.288,5.9,C2,EHT
2006,4634,29,5.263,3.898,1.639,0.425,5.145,0.242,15.288,5.9,C2,EHT
2007,4554,39,3.986,6.795,0.0,0.63,6.377,0.0,15.288,5.9,C2,EHT
2008,4458,46,3.963,8.372,0.0,0.679,5.701,0.0,15.288,5.9,C2,EHT
2000,1911,11,0.304,1.294,14.871,0.81,2.129,0.875,1.735,1.972,C2,ERM
2001,5314,30,0.285,1.089,39.498,0.792,4.758,0.892,1.735,1.972,C2,ERM
2002,4447,27,0.406,1.265,20.64,0.757,2.047,0.91,1.735,1.972,C2,ERM
2003,8426,50,0.261,0.405,32.12,0.608,0.589,0.982,1.735,1.972,C2,ERM
2004,8899,49,0.26,0.363,25.257,0.583,0.763,0.971,1.735,1.972,C2,ERM
2005,11812,71,0.546,0.508,33.659,0.482,0.731,0.979,1.735,1.972,C2,ERM
2006,6212,37,0.436,0.455,35.033,0.511,0.927,0.974,1.735,1.972,C2,ERM
2007,6051,51,0.539,0.751,50.989,0.582,1.19,0.977,1.735,1.972,C2,ERM
2008,7796,78,1.259,2.45,118.878,0.661,2.951,0.976,1.735,1.972,C2,ERM
