"shorthand_x","YEAR_x","p1","p2","n1","n2","tot_y1","tot_y2"
"C1.1",2001,"PID200761","PID1589589",40,2,"2000-2001-2002-2003-2004-2005-2006","2001-2002"
"C1.2",2001,"PID30295","PID7968856",11,5,"2000-2001-2002-2003-2004-2007","2000-2001-2002-2003"
"C1.3",2001,"PID3424914","PID1590294",7,7,"2001-2002-2004","2000-2001-2006"
"C1.4",2001,"PID1384593","PID200761",4,40,"2001-2002-2003","2000-2001-2002-2003-2004-2005-2006"
"C1.5",2001,"PID1413735","PID1413648",2,1,"2001-2002","2001"
"C1.6",2002,"PID628245","PID1590293",18,2,"2000-2001-2002-2003-2004-2005-2006","2002"
"C1.7",2002,"PID3424914","PID1590293",7,2,"2001-2002-2004","2002"
"C1.8",2002,"PID283236","PID200761",3,40,"2002-2004-2006","2000-2001-2002-2003-2004-2005-2006"
"C1.9",2002,"PID628245","PID1414681",18,3,"2000-2001-2002-2003-2004-2005-2006","2002"
"C1.10",2002,"PID1590288","PID1378056",3,6,"2002-2004-2005","2002-2003-2004-2005"
"C1.11",2002,"PID17956","PID557701",24,13,"2002-2003-2004-2005-2006","2000-2001-2002-2003"
"C1.12",2002,"PID1376582","PID10631",2,19,"2002-2006","2000-2001-2002-2003-2004"
"C1.13",2002,"PID1413735","PID10631",2,19,"2001-2002","2000-2001-2002-2003-2004"
"C1.14",2002,"PID10631","PID424295",19,49,"2000-2001-2002-2003-2004","2001-2002-2003-2004-2005-2006-2007"
"C1.15",2002,"PID424295","PID628245",49,18,"2001-2002-2003-2004-2005-2006-2007","2000-2001-2002-2003-2004-2005-2006"
"C1.16",2002,"PID1414921","PID7968856",8,5,"2000-2002-2003","2000-2001-2002-2003"
"C1.17",2002,"PID1414921","PID30295",8,11,"2000-2002-2003","2000-2001-2002-2003-2004-2007"
"C1.18",2002,"PID628245","PID557701",18,13,"2000-2001-2002-2003-2004-2005-2006","2000-2001-2002-2003"
"C1.19",2002,"PID1414681","PID557701",3,13,"2002","2000-2001-2002-2003"
"C1.20",2003,"PID1402183","PID1402181",2,9,"2003","2003-2004-2005"
"C1.21",2003,"PID1401863","PID1402183",1,2,"2003","2003"
"C1.22",2003,"PID1413446","PID424295",9,49,"2002-2003-2004","2001-2002-2003-2004-2005-2006-2007"
"C1.23",2003,"PID1591137","PID30295",3,11,"2000-2002-2003","2000-2001-2002-2003-2004-2007"
"C1.24",2003,"PID1415281","PID557701",3,13,"2003-2004","2000-2001-2002-2003"
"C1.25",2003,"PID1414038","PID5687",2,21,"2003","2000-2001-2002-2003-2004-2005-2007"
"C1.26",2003,"PID3351319","PID5687",1,21,"2003","2000-2001-2002-2003-2004-2005-2007"
"C1.27",2003,"PID6779667","PID1377687",18,8,"2003-2004-2005-2006-2008","2003-2004-2005-2006"
"C1.28",2003,"PID29296","PID200761",4,40,"2003","2000-2001-2002-2003-2004-2005-2006"
"C1.29",2003,"PID9634134","PID625008",4,8,"2003-2004","2002-2003-2004-2005"
"C1.30",2003,"PID234274","PID628245",14,18,"2003-2004-2005-2006","2000-2001-2002-2003-2004-2005-2006"
"C1.31",2003,"PID424295","PID9634134",49,4,"2001-2002-2003-2004-2005-2006-2007","2003-2004"
"C1.32",2003,"PID9466884","PID200761",1,40,"2003","2000-2001-2002-2003-2004-2005-2006"
"C1.33",2003,"PID6779667","PID1414692",18,5,"2003-2004-2005-2006-2008","2003-2004-2005"
"C1.34",2003,"PID16902","PID426296",13,5,"2000-2001-2002-2003-2004-2005","2000-2001-2002-2003-2005"
"C1.35",2003,"PID200761","PID234274",40,14,"2000-2001-2002-2003-2004-2005-2006","2003-2004-2005-2006"
"C1.36",2003,"PID1377592","PID10631",4,19,"2003-2004","2000-2001-2002-2003-2004"
"C1.37",2003,"PID422772","PID1401956",1,2,"2003","2003-2004"
"C1.38",2003,"PID200761","PID1413446",40,9,"2000-2001-2002-2003-2004-2005-2006","2002-2003-2004"
"C1.39",2002,"PID424295","PID1377281",49,1,"2001-2002-2003-2004-2005-2006-2007","2002"
"C1.40",2002,"PID557701","PID1414681",13,3,"2000-2001-2002-2003","2002"
"C1.41",2002,"PID1413893","PID1384552",6,1,"2000-2001-2002","2002"
"C1.42",2002,"PID10631","PID1590551",19,2,"2000-2001-2002-2003-2004","2002-2003"
"C1.43",2002,"PID1384593","PID628245",4,18,"2001-2002-2003","2000-2001-2002-2003-2004-2005-2006"
"C1.44",2002,"PID200761","PID1414696",40,1,"2000-2001-2002-2003-2004-2005-2006","2002"
"C1.45",2002,"PID1589589","PID3424914",2,7,"2001-2002","2001-2002-2004"
"C1.46",2002,"PID1413893","PID200761",6,40,"2000-2001-2002","2000-2001-2002-2003-2004-2005-2006"
"C1.47",2002,"PID424295","PID7942962",49,8,"2001-2002-2003-2004-2005-2006-2007","2002-2004-2005"
"C1.48",2002,"PID1401975","PID7942529",3,8,"2002-2003-2006","2002-2003-2004-2005"
"C1.49",2002,"PID1414675","PID10631",2,19,"2002-2004","2000-2001-2002-2003-2004"
"C1.50",2002,"PID7942962","PID9586296",8,1,"2002-2004-2005","2002"
"C1.51",2002,"PID5687","PID1384537",21,1,"2000-2001-2002-2003-2004-2005-2007","2002"
"C1.52",2002,"PID1384592","PID200761",1,40,"2002","2000-2001-2002-2003-2004-2005-2006"
"C1.53",2002,"PID7967256","PID1402162",4,2,"2000-2002-2003","2002-2003"
"C1.54",2002,"PID1414921","PID1384593",8,4,"2000-2002-2003","2001-2002-2003"
"C1.55",2002,"PID1413446","PID200761",9,40,"2002-2003-2004","2000-2001-2002-2003-2004-2005-2006"
"C1.56",2002,"PID5687","PID524401",21,2,"2000-2001-2002-2003-2004-2005-2007","2002-2004"
"C1.57",2002,"PID200761","PID534312",40,19,"2000-2001-2002-2003-2004-2005-2006","2002-2003-2004-2005-2006"
"C1.58",2002,"PID7942962","PID1402951",8,1,"2002-2004-2005","2002"
"C1.59",2002,"PID1402116","PID534312",3,19,"2002-2003","2002-2003-2004-2005-2006"
"C1.60",2002,"PID17956","PID426296",24,5,"2002-2003-2004-2005-2006","2000-2001-2002-2003-2005"
"C1.61",2005,"PID628245","PID628275",18,36,"2000-2001-2002-2003-2004-2005-2006","2003-2004-2005-2006"
"C1.62",2005,"PID6779667","PID1413462",18,47,"2003-2004-2005-2006-2008","2005-2006-2007-2008"
"C1.63",2005,"PID426296","PID17956",5,24,"2000-2001-2002-2003-2005","2002-2003-2004-2005-2006"
"C1.64",2005,"PID1389320","PID1377687",2,8,"2005-2006","2003-2004-2005-2006"
"C1.65",2005,"PID1517427","PID17956",35,24,"2004-2005-2006-2007-2008","2002-2003-2004-2005-2006"
"C1.66",2005,"PID1414705","PID628275",1,36,"2005","2003-2004-2005-2006"
"C1.67",2005,"PID1414436","PID6775641",2,11,"2005","2004-2005-2006"
"C1.68",2005,"PID1390707","PID1590288",2,3,"2004-2005","2002-2004-2005"
"C1.69",2005,"PID200761","PID1591409",40,7,"2000-2001-2002-2003-2004-2005-2006","2005-2006-2007"
"C1.70",2005,"PID1402976","PID17956",1,24,"2005","2002-2003-2004-2005-2006"
"C1.71",2005,"PID424295","PID1390632",49,3,"2001-2002-2003-2004-2005-2006-2007","2003-2004-2005"
"C1.72",2005,"PID5687","PID1385076",21,1,"2000-2001-2002-2003-2004-2005-2007","2005"
"C1.73",2005,"PID1413907","PID17956",11,24,"2004-2005-2006-2007-2008","2002-2003-2004-2005-2006"
"C1.74",2005,"PID1413462","PID1517427",47,35,"2005-2006-2007-2008","2004-2005-2006-2007-2008"
"C1.75",2005,"PID534312","PID1517427",19,35,"2002-2003-2004-2005-2006","2004-2005-2006-2007-2008"
"C1.76",2005,"PID1130808","PID534312",18,19,"2005-2006-2007","2002-2003-2004-2005-2006"
"C1.77",2005,"PID16902","PID1130808",13,18,"2000-2001-2002-2003-2004-2005","2005-2006-2007"
"C1.78",2005,"PID1413462","PID1517427",47,35,"2005-2006-2007-2008","2004-2005-2006-2007-2008"
"C1.79",2005,"PID6775641","PID424295",11,49,"2004-2005-2006","2001-2002-2003-2004-2005-2006-2007"
"C1.80",2005,"PID628275","PID1130808",36,18,"2003-2004-2005-2006","2005-2006-2007"
"C1.81",2005,"PID1130808","PID625008",18,8,"2005-2006-2007","2002-2003-2004-2005"
"C1.82",2005,"PID1517427","PID1413907",35,11,"2004-2005-2006-2007-2008","2004-2005-2006-2007-2008"
"C1.83",2005,"PID1413911","PID1517427",1,35,"2005","2004-2005-2006-2007-2008"
"C1.84",2005,"PID534312","PID1413907",19,11,"2002-2003-2004-2005-2006","2004-2005-2006-2007-2008"
"C1.85",2005,"PID1401875","PID1414660",1,5,"2005","2004-2005"
"C1.86",2005,"PID234274","PID1517427",14,35,"2003-2004-2005-2006","2004-2005-2006-2007-2008"
"C1.87",2005,"PID7942962","PID7942535",8,5,"2002-2004-2005","2003-2004-2005-2008"
"C1.88",2005,"PID1401943","PID534312",1,19,"2005","2002-2003-2004-2005-2006"
"C1.89",2005,"PID1130808","PID7942529",18,8,"2005-2006-2007","2002-2003-2004-2005"
"C1.90",2005,"PID6779667","PID7942962",18,8,"2003-2004-2005-2006-2008","2002-2004-2005"
"C1.91",2005,"PID17956","PID286777",24,6,"2002-2003-2004-2005-2006","2003-2004-2005-2007"
"C1.92",2005,"PID628275","PID7942535",36,5,"2003-2004-2005-2006","2003-2004-2005-2008"
"C1.93",2005,"PID5687","PID1130808",21,18,"2000-2001-2002-2003-2004-2005-2007","2005-2006-2007"
"C1.94",2005,"PID628275","PID1414436",36,2,"2003-2004-2005-2006","2005"
"C1.95",2005,"PID17956","PID1413462",24,47,"2002-2003-2004-2005-2006","2005-2006-2007-2008"
"C1.96",2005,"PID1413925","PID1517427",8,35,"2005-2006-2007-2008","2004-2005-2006-2007-2008"
"C1.97",2005,"PID1378419","PID16902",2,13,"2005","2000-2001-2002-2003-2004-2005"
"C1.98",2005,"PID16902","PID234274",13,14,"2000-2001-2002-2003-2004-2005","2003-2004-2005-2006"
"C1.99",2005,"PID17956","PID1413925",24,8,"2002-2003-2004-2005-2006","2005-2006-2007-2008"
"C1.100",2005,"PID1413907","PID1414440",11,1,"2004-2005-2006-2007-2008","2005"
"C1.101",2005,"PID1130808","PID16902",18,13,"2005-2006-2007","2000-2001-2002-2003-2004-2005"
"C1.102",2005,"PID1388835","PID628275",5,36,"2005-2006-2007-2008","2003-2004-2005-2006"
"C1.103",2005,"PID1385731","PID424295",3,49,"2003-2005","2001-2002-2003-2004-2005-2006-2007"
"C1.104",2005,"PID625008","PID534312",8,19,"2002-2003-2004-2005","2002-2003-2004-2005-2006"
"C1.105",2005,"PID1130808","PID1590582",18,9,"2005-2006-2007","2005-2006-2007-2008"
"C1.106",2005,"PID7942962","PID1378056",8,6,"2002-2004-2005","2002-2003-2004-2005"
"C1.107",2004,"PID424295","PID17956",49,24,"2001-2002-2003-2004-2005-2006-2007","2002-2003-2004-2005-2006"
"C1.108",2005,"PID628275","PID1130808",36,18,"2003-2004-2005-2006","2005-2006-2007"
"C1.109",2005,"PID1413907","PID1413462",11,47,"2004-2005-2006-2007-2008","2005-2006-2007-2008"
"C1.110",2005,"PID1590306","PID1517427",1,35,"2005","2004-2005-2006-2007-2008"
"C1.111",2005,"PID1385728","PID1130808",5,18,"2004-2005","2005-2006-2007"
"C1.112",2005,"PID1413907","PID628275",11,36,"2004-2005-2006-2007-2008","2003-2004-2005-2006"
"C1.113",2004,"PID5687","PID534312",21,19,"2000-2001-2002-2003-2004-2005-2007","2002-2003-2004-2005-2006"
"C1.114",2004,"PID524401","PID424295",2,49,"2002-2004","2001-2002-2003-2004-2005-2006-2007"
"C1.115",2004,"PID1402134","PID1402181",1,9,"2004","2003-2004-2005"
"C1.116",2000,"PID5687","PID1590294",21,7,"2000-2001-2002-2003-2004-2005-2007","2000-2001-2006"
"C1.117",2001,"PID424295","PID1591144",49,3,"2001-2002-2003-2004-2005-2006-2007","2000-2001"
"C1.118",2001,"PID424295","PID5687",49,21,"2001-2002-2003-2004-2005-2006-2007","2000-2001-2002-2003-2004-2005-2007"
"C1.119",2002,"PID424295","PID1413446",49,9,"2001-2002-2003-2004-2005-2006-2007","2002-2003-2004"
"C1.120",2000,"PID5687","PID7968856",21,5,"2000-2001-2002-2003-2004-2005-2007","2000-2001-2002-2003"
"C1.121",2001,"PID200761","PID7968856",40,5,"2000-2001-2002-2003-2004-2005-2006","2000-2001-2002-2003"
"C1.122",2000,"PID1590294","PID9967363",7,2,"2000-2001-2006","2000-2001"
"C1.123",2001,"PID200761","PID1590294",40,7,"2000-2001-2002-2003-2004-2005-2006","2000-2001-2006"
"C1.124",2000,"PID7967256","PID1401955",4,3,"2000-2002-2003","2000-2003"
"C1.125",2001,"PID1413753","PID200761",2,40,"2001","2000-2001-2002-2003-2004-2005-2006"
"C1.126",2002,"PID625008","PID7942962",8,8,"2002-2003-2004-2005","2002-2004-2005"
"C1.127",2001,"PID7931205","PID424295",1,49,"2001","2001-2002-2003-2004-2005-2006-2007"
"C1.128",2001,"PID628245","PID10631",18,19,"2000-2001-2002-2003-2004-2005-2006","2000-2001-2002-2003-2004"
"C1.129",2001,"PID5687","PID628245",21,18,"2000-2001-2002-2003-2004-2005-2007","2000-2001-2002-2003-2004-2005-2006"
"C1.130",2001,"PID293252","PID16902",1,13,"2001","2000-2001-2002-2003-2004-2005"
"C1.131",2000,"PID1413206","PID1591144",2,3,"2000","2000-2001"
"C1.132",2000,"PID1590294","PID30295",7,11,"2000-2001-2006","2000-2001-2002-2003-2004-2007"
"C1.133",2000,"PID1384550","PID200761",1,40,"2000","2000-2001-2002-2003-2004-2005-2006"
"C1.134",2000,"PID1413635","PID10631",1,19,"2000","2000-2001-2002-2003-2004"
"C1.135",2000,"PID5687","PID30295",21,11,"2000-2001-2002-2003-2004-2005-2007","2000-2001-2002-2003-2004-2007"
"C1.136",2000,"PID1384534","PID10631",1,19,"2000","2000-2001-2002-2003-2004"
"C1.137",2000,"PID1389891","PID1414921",1,8,"2000","2000-2002-2003"
"C1.138",2000,"PID200761","PID557701",40,13,"2000-2001-2002-2003-2004-2005-2006","2000-2001-2002-2003"
"C1.139",2000,"PID16902","PID1376568",13,1,"2000-2001-2002-2003-2004-2005","2000"
"C1.140",2000,"PID1390453","PID628245",1,18,"2000","2000-2001-2002-2003-2004-2005-2006"
"C1.141",2000,"PID1414916","PID1413206",1,2,"2000","2000"
"C1.142",2000,"PID200761","PID10631",40,19,"2000-2001-2002-2003-2004-2005-2006","2000-2001-2002-2003-2004"
"C1.143",2000,"PID1377648","PID200761",1,40,"2000","2000-2001-2002-2003-2004-2005-2006"
"C1.144",2001,"PID426296","PID1415221",5,2,"2000-2001-2002-2003-2005","2001"
"C1.145",2000,"PID3294840","PID557701",3,13,"2000-2001","2000-2001-2002-2003"
"C1.146",2001,"PID1376275","PID3294840",1,3,"2001","2000-2001"
"C1.147",2001,"PID1415221","PID3294840",2,3,"2001","2000-2001"
"C1.148",2001,"PID5687","PID1378134",21,1,"2000-2001-2002-2003-2004-2005-2007","2001"
"C1.149",2001,"PID1591144","PID1384598",3,1,"2000-2001","2001"
"C1.150",2001,"PID10631","PID1590672",19,1,"2000-2001-2002-2003-2004","2001"
"C1.151",2002,"PID1413713","PID1591137",1,3,"2002","2000-2002-2003"
"C1.152",2001,"PID9967363","PID3424914",2,7,"2000-2001","2001-2002-2004"
"C1.153",2001,"PID5687","PID1413893",21,6,"2000-2001-2002-2003-2004-2005-2007","2000-2001-2002"
"C1.154",2000,"PID426296","PID1413893",5,6,"2000-2001-2002-2003-2005","2000-2001-2002"
"C1.155",2001,"PID1378164","PID5687",1,21,"2001","2000-2001-2002-2003-2004-2005-2007"
"C1.156",2002,"PID16902","PID557701",13,13,"2000-2001-2002-2003-2004-2005","2000-2001-2002-2003"
"C1.157",2000,"PID3630595","PID1414921",2,8,"2000","2000-2002-2003"
"C1.158",2001,"PID557701","PID1376277",13,2,"2000-2001-2002-2003","2001-2004"
"C1.159",2000,"PID3630595","PID200761",2,40,"2000","2000-2001-2002-2003-2004-2005-2006"
"C1.160",2000,"PID1414921","PID200761",8,40,"2000-2002-2003","2000-2001-2002-2003-2004-2005-2006"
"C1.161",2001,"PID1390230","PID1390455",1,2,"2001","2001"
"C1.162",2000,"PID1590294","PID1414921",7,8,"2000-2001-2006","2000-2002-2003"
"C1.163",2001,"PID1385824","PID1389064",1,1,"2001","2001"
"C1.164",2001,"PID9508217","PID1390455",1,2,"2001","2001"
"C1.165",2001,"PID10631","PID1377556",19,1,"2000-2001-2002-2003-2004","2001"
"C1.166",2001,"PID557701","PID1413893",13,6,"2000-2001-2002-2003","2000-2001-2002"
"C1.167",2000,"PID1376609","PID1591137",1,3,"2000","2000-2002-2003"
"C1.168",2001,"PID1377569","PID3424914",1,7,"2001","2001-2002-2004"
"C1.169",2001,"PID3424914","PID1413893",7,6,"2001-2002-2004","2000-2001-2002"
"C1.170",2000,"PID10631","PID1402769",19,1,"2000-2001-2002-2003-2004","2000"
"C1.171",2000,"PID10631","PID1376324",19,1,"2000-2001-2002-2003-2004","2000"
"C1.172",2001,"PID5687","PID1591057",21,1,"2000-2001-2002-2003-2004-2005-2007","2001"
"C1.173",2001,"PID5687","PID200761",21,40,"2000-2001-2002-2003-2004-2005-2007","2000-2001-2002-2003-2004-2005-2006"
"C1.174",2002,"PID16902","PID200761",13,40,"2000-2001-2002-2003-2004-2005","2000-2001-2002-2003-2004-2005-2006"
"C1.175",2001,"PID1413753","PID1591109",2,2,"2001","2001-2003"
"C1.176",2003,"PID200761","PID286777",40,6,"2000-2001-2002-2003-2004-2005-2006","2003-2004-2005-2007"
"C1.177",2003,"PID628275","PID200761",36,40,"2003-2004-2005-2006","2000-2001-2002-2003-2004-2005-2006"
"C1.178",2003,"PID1401955","PID7942529",3,8,"2000-2003","2002-2003-2004-2005"
"C1.179",2003,"PID534312","PID628245",19,18,"2002-2003-2004-2005-2006","2000-2001-2002-2003-2004-2005-2006"
"C1.180",2003,"PID7942535","PID534312",5,19,"2003-2004-2005-2008","2002-2003-2004-2005-2006"
"C1.181",2003,"PID534312","PID7942529",19,8,"2002-2003-2004-2005-2006","2002-2003-2004-2005"
"C1.182",2003,"PID1390936","PID424295",1,49,"2003","2001-2002-2003-2004-2005-2006-2007"
"C1.183",2003,"PID200761","PID1386312",40,1,"2000-2001-2002-2003-2004-2005-2006","2003"
"C1.184",2003,"PID200761","PID1386289",40,2,"2000-2001-2002-2003-2004-2005-2006","2003"
"C1.185",2003,"PID16902","PID628245",13,18,"2000-2001-2002-2003-2004-2005","2000-2001-2002-2003-2004-2005-2006"
"C1.186",2003,"PID7942529","PID7968835",8,1,"2002-2003-2004-2005","2003"
"C1.187",2003,"PID200761","PID1390632",40,3,"2000-2001-2002-2003-2004-2005-2006","2003-2004-2005"
"C1.188",2003,"PID10631","PID3168064",19,5,"2000-2001-2002-2003-2004","2003-2004-2007"
"C1.189",2003,"PID200761","PID30295",40,11,"2000-2001-2002-2003-2004-2005-2006","2000-2001-2002-2003-2004-2007"
"C1.190",2003,"PID200761","PID1378056",40,6,"2000-2001-2002-2003-2004-2005-2006","2002-2003-2004-2005"
"C1.191",2003,"PID1413446","PID1378056",9,6,"2002-2003-2004","2002-2003-2004-2005"
"C1.192",2003,"PID424295","PID1591109",49,2,"2001-2002-2003-2004-2005-2006-2007","2001-2003"
"C1.193",2003,"PID1414963","PID1414994",1,2,"2003","2003-2004"
"C1.194",2003,"PID17956","PID1414692",24,5,"2002-2003-2004-2005-2006","2003-2004-2005"
"C1.195",2003,"PID557701","PID1402116",13,3,"2000-2001-2002-2003","2002-2003"
"C1.196",2003,"PID1384593","PID200761",4,40,"2001-2002-2003","2000-2001-2002-2003-2004-2005-2006"
"C1.197",2003,"PID424295","PID1402965",49,1,"2001-2002-2003-2004-2005-2006-2007","2003"
"C1.198",2003,"PID5478720","PID1590551",1,2,"2003","2002-2003"
"C1.199",2003,"PID424295","PID1377687",49,8,"2001-2002-2003-2004-2005-2006-2007","2003-2004-2005-2006"
"C1.200",2003,"PID1590536","PID1414966",1,1,"2003","2003"
"C1.201",2003,"PID424295","PID1402181",49,9,"2001-2002-2003-2004-2005-2006-2007","2003-2004-2005"
"C1.202",2003,"PID5687","PID286777",21,6,"2000-2001-2002-2003-2004-2005-2007","2003-2004-2005-2007"
"C1.203",2003,"PID1414921","PID10631",8,19,"2000-2002-2003","2000-2001-2002-2003-2004"
"C1.204",2003,"PID17956","PID200761",24,40,"2002-2003-2004-2005-2006","2000-2001-2002-2003-2004-2005-2006"
"C1.205",2003,"PID17956","PID29296",24,4,"2002-2003-2004-2005-2006","2003"
"C1.206",2003,"PID1402181","PID424295",9,49,"2003-2004-2005","2001-2002-2003-2004-2005-2006-2007"
"C1.207",2003,"PID1402181","PID424295",9,49,"2003-2004-2005","2001-2002-2003-2004-2005-2006-2007"
"C1.208",2003,"PID1401975","PID625008",3,8,"2002-2003-2006","2002-2003-2004-2005"
"C1.209",2003,"PID534312","PID1413446",19,9,"2002-2003-2004-2005-2006","2002-2003-2004"
"C1.210",2003,"PID7967256","PID625008",4,8,"2000-2002-2003","2002-2003-2004-2005"
"C1.211",2003,"PID7968838","PID7968856",2,5,"2003-2004","2000-2001-2002-2003"
"C1.212",2003,"PID1414038","PID17956",2,24,"2003","2002-2003-2004-2005-2006"
"C1.213",2003,"PID1378056","PID424295",6,49,"2002-2003-2004-2005","2001-2002-2003-2004-2005-2006-2007"
"C1.214",2003,"PID1377687","PID628245",8,18,"2003-2004-2005-2006","2000-2001-2002-2003-2004-2005-2006"
"C1.215",2003,"PID1402162","PID1401955",2,3,"2002-2003","2000-2003"
"C1.216",2003,"PID1402227","PID7967256",1,4,"2003","2000-2002-2003"
"C1.217",2003,"PID1385731","PID29296",3,4,"2003-2005","2003"
"C1.218",2003,"PID1385731","PID10631",3,19,"2003-2005","2000-2001-2002-2003-2004"
"C1.219",2003,"PID29296","PID628245",4,18,"2003","2000-2001-2002-2003-2004-2005-2006"
"C1.220",2003,"PID1386289","PID200761",2,40,"2003","2000-2001-2002-2003-2004-2005-2006"
"C1.221",2003,"PID534312","PID628245",19,18,"2002-2003-2004-2005-2006","2000-2001-2002-2003-2004-2005-2006"
"C1.222",2003,"PID1402116","PID557701",3,13,"2002-2003","2000-2001-2002-2003"
"C1.223",2003,"PID424295","PID1413512",49,1,"2001-2002-2003-2004-2005-2006-2007","2003"
"C1.224",2003,"PID1413446","PID424295",9,49,"2002-2003-2004","2001-2002-2003-2004-2005-2006-2007"
"C1.225",2003,"PID424295","PID1402181",49,9,"2001-2002-2003-2004-2005-2006-2007","2003-2004-2005"
"C1.226",2003,"PID30295","PID200761",11,40,"2000-2001-2002-2003-2004-2007","2000-2001-2002-2003-2004-2005-2006"
"C1.227",2003,"PID200761","PID1413446",40,9,"2000-2001-2002-2003-2004-2005-2006","2002-2003-2004"
"C1.228",2003,"PID628275","PID234274",36,14,"2003-2004-2005-2006","2003-2004-2005-2006"
"C1.229",2003,"PID1415281","PID557701",3,13,"2003-2004","2000-2001-2002-2003"
"C1.230",2003,"PID1377592","PID625008",4,8,"2003-2004","2002-2003-2004-2005"
"C1.231",2004,"PID1385728","PID1402181",5,9,"2004-2005","2003-2004-2005"
"C1.232",2004,"PID424295","PID1413446",49,9,"2001-2002-2003-2004-2005-2006-2007","2002-2003-2004"
"C1.233",2004,"PID7942535","PID628275",5,36,"2003-2004-2005-2008","2003-2004-2005-2006"
"C1.234",2004,"PID534312","PID628275",19,36,"2002-2003-2004-2005-2006","2003-2004-2005-2006"
"C1.235",2004,"PID424295","PID534312",49,19,"2001-2002-2003-2004-2005-2006-2007","2002-2003-2004-2005-2006"
"C1.236",2004,"PID424295","PID1376277",49,2,"2001-2002-2003-2004-2005-2006-2007","2001-2004"
"C1.237",2004,"PID17956","PID424295",24,49,"2002-2003-2004-2005-2006","2001-2002-2003-2004-2005-2006-2007"
"C1.238",2004,"PID424295","PID1377592",49,4,"2001-2002-2003-2004-2005-2006-2007","2003-2004"
"C1.239",2004,"PID1388644","PID424295",2,49,"2004","2001-2002-2003-2004-2005-2006-2007"
"C1.240",2004,"PID200761","PID1377687",40,8,"2000-2001-2002-2003-2004-2005-2006","2003-2004-2005-2006"
"C1.241",2004,"PID1401910","PID625008",3,8,"2004","2002-2003-2004-2005"
"C1.242",2004,"PID7968838","PID628275",2,36,"2003-2004","2003-2004-2005-2006"
"C1.243",2004,"PID1414692","PID292662",5,2,"2003-2004-2005","2004-2006"
"C1.244",2004,"PID283236","PID16902",3,13,"2002-2004-2006","2000-2001-2002-2003-2004-2005"
"C1.245",2004,"PID6779667","PID1384563",18,1,"2003-2004-2005-2006-2008","2004"
"C1.246",2004,"PID1390406","PID17956",1,24,"2004","2002-2003-2004-2005-2006"
"C1.247",2004,"PID1414660","PID424295",5,49,"2004-2005","2001-2002-2003-2004-2005-2006-2007"
"C1.248",2004,"PID1377687","PID1414688",8,1,"2003-2004-2005-2006","2004"
"C1.249",2004,"PID1414660","PID1414804",5,1,"2004-2005","2004"
"C1.250",2004,"PID1415318","PID1414675",4,2,"2004","2002-2004"
"C1.251",2004,"PID1590584","PID628245",1,18,"2004","2000-2001-2002-2003-2004-2005-2006"
"C1.252",2004,"PID1401910","PID424295",3,49,"2004","2001-2002-2003-2004-2005-2006-2007"
"C1.253",2004,"PID1517427","PID6779667",35,18,"2004-2005-2006-2007-2008","2003-2004-2005-2006-2008"
"C1.254",2004,"PID424295","PID1401865",49,1,"2001-2002-2003-2004-2005-2006-2007","2004"
"C1.255",2004,"PID424295","PID1517427",49,35,"2001-2002-2003-2004-2005-2006-2007","2004-2005-2006-2007-2008"
"C1.256",2004,"PID1384456","PID628275",2,36,"2004","2003-2004-2005-2006"
"C1.257",2004,"PID7942962","PID1401910",8,3,"2002-2004-2005","2004"
"C1.258",2004,"PID1377687","PID10631",8,19,"2003-2004-2005-2006","2000-2001-2002-2003-2004"
"C1.259",2004,"PID424295","PID16902",49,13,"2001-2002-2003-2004-2005-2006-2007","2000-2001-2002-2003-2004-2005"
"C1.260",2004,"PID1385728","PID628275",5,36,"2004-2005","2003-2004-2005-2006"
"C1.261",2004,"PID6779667","PID1385728",18,5,"2003-2004-2005-2006-2008","2004-2005"
"C1.262",2004,"PID1415522","PID424295",1,49,"2004","2001-2002-2003-2004-2005-2006-2007"
"C1.263",2004,"PID17956","PID1413907",24,11,"2002-2003-2004-2005-2006","2004-2005-2006-2007-2008"
"C1.264",2004,"PID6779667","PID200761",18,40,"2003-2004-2005-2006-2008","2000-2001-2002-2003-2004-2005-2006"
"C1.265",2004,"PID17956","PID1414660",24,5,"2002-2003-2004-2005-2006","2004-2005"
"C1.266",2004,"PID6779667","PID1377127",18,1,"2003-2004-2005-2006-2008","2004"
"C1.267",2004,"PID1384515","PID1590288",1,3,"2004","2002-2004-2005"
"C1.268",2004,"PID6779667","PID628275",18,36,"2003-2004-2005-2006-2008","2003-2004-2005-2006"
"C1.269",2004,"PID424295","PID1377592",49,4,"2001-2002-2003-2004-2005-2006-2007","2003-2004"
"C1.270",2004,"PID534312","PID5687",19,21,"2002-2003-2004-2005-2006","2000-2001-2002-2003-2004-2005-2007"
"C1.271",2004,"PID424295","PID1415281",49,3,"2001-2002-2003-2004-2005-2006-2007","2003-2004"
"C1.272",2004,"PID1388644","PID17956",2,24,"2004","2002-2003-2004-2005-2006"
"C1.273",2004,"PID234274","PID424295",14,49,"2003-2004-2005-2006","2001-2002-2003-2004-2005-2006-2007"
"C1.274",2004,"PID424295","PID1415318",49,4,"2001-2002-2003-2004-2005-2006-2007","2004"
"C1.275",2004,"PID6779667","PID234274",18,14,"2003-2004-2005-2006-2008","2003-2004-2005-2006"
"C1.276",2004,"PID1378056","PID234274",6,14,"2002-2003-2004-2005","2003-2004-2005-2006"
"C1.277",2004,"PID534312","PID6779667",19,18,"2002-2003-2004-2005-2006","2003-2004-2005-2006-2008"
"C1.278",2004,"PID7942529","PID628275",8,36,"2002-2003-2004-2005","2003-2004-2005-2006"
"C1.279",2004,"PID10631","PID7942529",19,8,"2000-2001-2002-2003-2004","2002-2003-2004-2005"
"C1.280",2004,"PID17956","PID6775641",24,11,"2002-2003-2004-2005-2006","2004-2005-2006"
"C1.281",2004,"PID200761","PID1415318",40,4,"2000-2001-2002-2003-2004-2005-2006","2004"
"C1.282",2004,"PID9634134","PID6779667",4,18,"2003-2004","2003-2004-2005-2006-2008"
"C1.283",2004,"PID5687","PID3168064",21,5,"2000-2001-2002-2003-2004-2005-2007","2003-2004-2007"
"C1.284",2004,"PID6779667","PID628275",18,36,"2003-2004-2005-2006-2008","2003-2004-2005-2006"
"C1.285",2004,"PID1390982","PID628275",1,36,"2004","2003-2004-2005-2006"
"C1.286",2004,"PID1414994","PID1391000",2,1,"2003-2004","2004"
"C1.287",2004,"PID1415318","PID7942529",4,8,"2004","2002-2003-2004-2005"
"C1.288",2004,"PID1590562","PID234274",2,14,"2004-2006","2003-2004-2005-2006"
"C1.289",2004,"PID234274","PID1403028",14,1,"2003-2004-2005-2006","2004"
"C1.290",2004,"PID628275","PID1390632",36,3,"2003-2004-2005-2006","2003-2004-2005"
"C1.291",2004,"PID234274","PID3752777",14,1,"2003-2004-2005-2006","2004"
"C1.292",2004,"PID234274","PID1390707",14,2,"2003-2004-2005-2006","2004-2005"
"C1.293",2004,"PID628275","PID1390402",36,1,"2003-2004-2005-2006","2004"
"C1.294",2004,"PID424295","PID286777",49,6,"2001-2002-2003-2004-2005-2006-2007","2003-2004-2005-2007"
"C1.295",2004,"PID628275","PID30295",36,11,"2003-2004-2005-2006","2000-2001-2002-2003-2004-2007"
"C1.296",2004,"PID1401463","PID1401956",1,2,"2004","2003-2004"
"C1.297",2004,"PID534312","PID1384456",19,2,"2002-2003-2004-2005-2006","2004"
"C1.298",2004,"PID1414692","PID1414660",5,5,"2003-2004-2005","2004-2005"
"C1.299",2004,"PID9634134","PID628275",4,36,"2003-2004","2003-2004-2005-2006"
"C1.300",2004,"PID3424914","PID628275",7,36,"2001-2002-2004","2003-2004-2005-2006"
"C1.301",2004,"PID3168064","PID30295",5,11,"2003-2004-2007","2000-2001-2002-2003-2004-2007"
"C1.302",2004,"PID628245","PID30295",18,11,"2000-2001-2002-2003-2004-2005-2006","2000-2001-2002-2003-2004-2007"
"C1.303",2006,"PID1376295","PID1517427",23,35,"2005-2006-2007-2008","2004-2005-2006-2007-2008"
"C1.304",2006,"PID1413462","PID7967333",47,5,"2005-2006-2007-2008","2006-2007"
"C1.305",2006,"PID1376294","PID6775641",7,11,"2005-2006-2007","2004-2005-2006"
"C1.306",2006,"PID1414691","PID1376356",6,3,"2006-2007-2008","2006-2007-2008"
"C1.307",2006,"PID37001","PID1413462",4,47,"2006-2007-2008","2005-2006-2007-2008"
"C1.308",2006,"PID1389320","PID1413462",2,47,"2005-2006","2005-2006-2007-2008"
"C1.309",2006,"PID1377687","PID1413462",8,47,"2003-2004-2005-2006","2005-2006-2007-2008"
"C1.310",2006,"PID1413462","PID1376289",47,1,"2005-2006-2007-2008","2006"
"C1.311",2006,"PID1376338","PID1390177",6,8,"2006-2007-2008","2006-2008"
"C1.312",2006,"PID628275","PID6775641",36,11,"2003-2004-2005-2006","2004-2005-2006"
"C1.313",2006,"PID628275","PID7967333",36,5,"2003-2004-2005-2006","2006-2007"
"C1.314",2006,"PID1376295","PID1331862",23,6,"2005-2006-2007-2008","2006-2007-2008"
"C1.315",2006,"PID1414801","PID1414708",1,3,"2006","2006-2007-2008"
"C1.316",2006,"PID1376336","PID1390177",11,8,"2006-2007-2008","2006-2008"
"C1.317",2006,"PID1376336","PID1517427",11,35,"2006-2007-2008","2004-2005-2006-2007-2008"
"C1.319",2006,"PID1388835","PID1590576",5,3,"2005-2006-2007-2008","2006-2007"
"C1.320",2006,"PID1413462","PID1591409",47,7,"2005-2006-2007-2008","2005-2006-2007"
"C1.321",2006,"PID1591409","PID6779667",7,18,"2005-2006-2007","2003-2004-2005-2006-2008"
"C1.322",2006,"PID200761","PID3418129",40,1,"2000-2001-2002-2003-2004-2005-2006","2006"
"C1.323",2006,"PID1376582","PID628275",2,36,"2002-2006","2003-2004-2005-2006"
"C1.324",2006,"PID7944040","PID628275",1,36,"2006","2003-2004-2005-2006"
"C1.325",2006,"PID1413462","PID1390177",47,8,"2005-2006-2007-2008","2006-2008"
"C1.326",2006,"PID424295","PID6775641",49,11,"2001-2002-2003-2004-2005-2006-2007","2004-2005-2006"
"C1.327",2006,"PID1590582","PID1130808",9,18,"2005-2006-2007-2008","2005-2006-2007"
"C1.328",2006,"PID1130808","PID1389616",18,1,"2005-2006-2007","2006"
"C1.329",2006,"PID1389699","PID424295",1,49,"2006","2001-2002-2003-2004-2005-2006-2007"
"C1.330",2006,"PID7967333","PID628275",5,36,"2006-2007","2003-2004-2005-2006"
"C1.331",2006,"PID1401906","PID1401975",3,3,"2006-2008","2002-2003-2006"
"C1.332",2006,"PID628275","PID1401906",36,3,"2003-2004-2005-2006","2006-2008"
"C1.333",2006,"PID1376336","PID1413925",11,8,"2006-2007-2008","2005-2006-2007-2008"
"C1.334",2006,"PID1376562","PID424295",2,49,"2006-2007","2001-2002-2003-2004-2005-2006-2007"
"C1.335",2006,"PID534312","PID1517427",19,35,"2002-2003-2004-2005-2006","2004-2005-2006-2007-2008"
"C1.336",2006,"PID6779667","PID1590562",18,2,"2003-2004-2005-2006-2008","2004-2006"
"C1.337",2006,"PID1376295","PID1517427",23,35,"2005-2006-2007-2008","2004-2005-2006-2007-2008"
"C1.338",2006,"PID1517427","PID6775641",35,11,"2004-2005-2006-2007-2008","2004-2005-2006"
"C1.339",2006,"PID283236","PID628275",3,36,"2002-2004-2006","2003-2004-2005-2006"
"C1.340",2006,"PID1413925","PID1376336",8,11,"2005-2006-2007-2008","2006-2007-2008"
"C1.341",2006,"PID1390177","PID1590582",8,9,"2006-2008","2005-2006-2007-2008"
"C1.342",2006,"PID1376294","PID1376295",7,23,"2005-2006-2007","2005-2006-2007-2008"
"C1.343",2006,"PID1590582","PID1591409",9,7,"2005-2006-2007-2008","2005-2006-2007"
"C1.344",2006,"PID1590582","PID1130808",9,18,"2005-2006-2007-2008","2005-2006-2007"
"C1.345",2006,"PID17956","PID234274",24,14,"2002-2003-2004-2005-2006","2003-2004-2005-2006"
"C1.346",2006,"PID628275","PID1414144",36,1,"2003-2004-2005-2006","2006"
"C1.347",2006,"PID292662","PID1517427",2,35,"2004-2006","2004-2005-2006-2007-2008"
"C1.348",2006,"PID1591409","PID1388835",7,5,"2005-2006-2007","2005-2006-2007-2008"
"C1.349",2006,"PID1591409","PID1388902",7,1,"2005-2006-2007","2006"
"C1.350",2006,"PID1376336","PID1413462",11,47,"2006-2007-2008","2005-2006-2007-2008"
"C1.351",2006,"PID37001","PID1413462",4,47,"2006-2007-2008","2005-2006-2007-2008"
"C1.352",2006,"PID628275","PID1376336",36,11,"2003-2004-2005-2006","2006-2007-2008"
"C1.353",2006,"PID6775641","PID1413462",11,47,"2004-2005-2006","2005-2006-2007-2008"
"C1.354",2006,"PID17956","PID1413462",24,47,"2002-2003-2004-2005-2006","2005-2006-2007-2008"
"C1.355",2006,"PID1376294","PID1413925",7,8,"2005-2006-2007","2005-2006-2007-2008"
"C1.356",2006,"PID1413907","PID1130808",11,18,"2004-2005-2006-2007-2008","2005-2006-2007"
"C1.357",2006,"PID1376336","PID1390177",11,8,"2006-2007-2008","2006-2008"
"C1.358",2006,"PID1517427","PID1376295",35,23,"2004-2005-2006-2007-2008","2005-2006-2007-2008"
"C1.359",2005,"PID6775641","PID424295",11,49,"2004-2005-2006","2001-2002-2003-2004-2005-2006-2007"
"C1.360",2005,"PID1413462","PID1517427",47,35,"2005-2006-2007-2008","2004-2005-2006-2007-2008"
"C1.361",2005,"PID1413462","PID1376295",47,23,"2005-2006-2007-2008","2005-2006-2007-2008"
"C1.362",2005,"PID1413462","PID628275",47,36,"2005-2006-2007-2008","2003-2004-2005-2006"
"C1.363",2005,"PID1413462","PID6775641",47,11,"2005-2006-2007-2008","2004-2005-2006"
"C1.364",2005,"PID16902","PID1517427",13,35,"2000-2001-2002-2003-2004-2005","2004-2005-2006-2007-2008"
"C1.365",2005,"PID1378419","PID1517427",2,35,"2005","2004-2005-2006-2007-2008"
"C1.366",2005,"PID1413462","PID424295",47,49,"2005-2006-2007-2008","2001-2002-2003-2004-2005-2006-2007"
"C1.367",2005,"PID1414692","PID234274",5,14,"2003-2004-2005","2003-2004-2005-2006"
"C1.368",2005,"PID1517427","PID1402181",35,9,"2004-2005-2006-2007-2008","2003-2004-2005"
"C1.369",2005,"PID6779667","PID1402181",18,9,"2003-2004-2005-2006-2008","2003-2004-2005"
"C1.370",2005,"PID628275","PID1413925",36,8,"2003-2004-2005-2006","2005-2006-2007-2008"
"C1.371",2005,"PID17956","PID1376294",24,7,"2002-2003-2004-2005-2006","2005-2006-2007"
"C1.372",2005,"PID628275","PID6775641",36,11,"2003-2004-2005-2006","2004-2005-2006"
"C1.373",2005,"PID17956","PID1413462",24,47,"2002-2003-2004-2005-2006","2005-2006-2007-2008"
"C1.374",2005,"PID1413462","PID1376295",47,23,"2005-2006-2007-2008","2005-2006-2007-2008"
"C1.375",2006,"PID1590294","PID628245",7,18,"2000-2001-2006","2000-2001-2002-2003-2004-2005-2006"
"C1.376",2005,"PID1385728","PID1130808",5,18,"2004-2005","2005-2006-2007"
"C1.377",2006,"PID1384805","PID8718712",1,1,"2006","2006"
"C1.378",2006,"PID1384850","PID1384801",1,1,"2006","2006"
"C1.379",2008,"PID1517427","PID8865346",35,1,"2004-2005-2006-2007-2008","2008"
"C1.380",2008,"PID8927040","PID1413462",1,47,"2008","2005-2006-2007-2008"
"C1.381",2008,"PID1413462","PID8865385",47,2,"2005-2006-2007-2008","2008"
"C1.382",2008,"PID1390616","PID6779667",1,18,"2008","2003-2004-2005-2006-2008"
"C1.383",2008,"PID8865385","PID7932229",2,4,"2008","2007-2008"
"C1.384",2008,"PID5867014","PID8864642",1,7,"2008","2007-2008"
"C1.385",2008,"PID1385351","PID1413462",1,47,"2008","2005-2006-2007-2008"
"C1.386",2008,"PID8865382","PID8869974",1,1,"2008","2008"
"C1.387",2008,"PID7932229","PID5865603",4,3,"2007-2008","2008"
"C1.388",2008,"PID1413462","PID7509896",47,1,"2005-2006-2007-2008","2008"
"C1.389",2008,"PID7942535","PID1401906",5,3,"2003-2004-2005-2008","2006-2008"
"C1.390",2008,"PID5865472","PID1376295",3,23,"2008","2005-2006-2007-2008"
"C1.391",2008,"PID1413462","PID1414504",47,1,"2005-2006-2007-2008","2008"
"C1.392",2008,"PID1414691","PID8864649",6,2,"2006-2007-2008","2008"
"C1.393",2008,"PID1376295","PID8864642",23,7,"2005-2006-2007-2008","2007-2008"
"C1.394",2008,"PID8864611","PID1376295",8,23,"2007-2008","2005-2006-2007-2008"
"C1.395",2008,"PID1331862","PID8864642",6,7,"2006-2007-2008","2007-2008"
"C1.396",2008,"PID8918647","PID8947504",7,2,"2007-2008","2008"
"C1.397",2008,"PID1376338","PID5865617",6,1,"2006-2007-2008","2008"
"C1.398",2008,"PID7932229","PID8918536",4,1,"2007-2008","2008"
"C1.399",2008,"PID8864611","PID1413462",8,47,"2007-2008","2005-2006-2007-2008"
"C1.400",2008,"PID50878568","PID1517427",2,35,"2007-2008","2004-2005-2006-2007-2008"
"C1.401",2008,"PID1413462","PID1517427",47,35,"2005-2006-2007-2008","2004-2005-2006-2007-2008"
"C1.402",2008,"PID8864612","PID1331761",3,4,"2008","2007-2008"
"C1.403",2008,"PID1414691","PID8864641",6,2,"2006-2007-2008","2008"
"C1.404",2008,"PID8864613","PID1331761",1,4,"2008","2007-2008"
"C1.405",2008,"PID558488","PID8405827",1,2,"2008","2008"
"C1.406",2008,"PID8864611","PID1376295",8,23,"2007-2008","2005-2006-2007-2008"
"C1.407",2008,"PID4481669","PID1414691",1,6,"2008","2006-2007-2008"
"C1.408",2008,"PID1331761","PID8864631",4,1,"2007-2008","2008"
"C1.409",2008,"PID8864611","PID1331862",8,6,"2007-2008","2006-2007-2008"
"C1.410",2008,"PID8866112","PID1390177",5,8,"2007-2008","2006-2008"
"C1.411",2008,"PID1376295","PID8864649",23,2,"2005-2006-2007-2008","2008"
"C1.412",2008,"PID5865493","PID5865475",1,1,"2008","2008"
"C1.413",2008,"PID8918647","PID8864642",7,7,"2007-2008","2007-2008"
"C1.414",2008,"PID1590582","PID1376295",9,23,"2005-2006-2007-2008","2005-2006-2007-2008"
"C1.415",2008,"PID8405827","PID8864531",2,1,"2008","2008"
"C1.416",2008,"PID1376295","PID8864612",23,3,"2005-2006-2007-2008","2008"
"C1.417",2008,"PID8864616","PID1414691",2,6,"2008","2006-2007-2008"
"C1.418",2008,"PID1409892","PID1517427",1,35,"2008","2004-2005-2006-2007-2008"
"C1.419",2008,"PID1376295","PID8864641",23,2,"2005-2006-2007-2008","2008"
"C1.420",2008,"PID1413925","PID1376336",8,11,"2005-2006-2007-2008","2006-2007-2008"
"C1.421",2008,"PID5867017","PID8864642",1,7,"2008","2007-2008"
"C1.422",2008,"PID8918647","PID1376336",7,11,"2007-2008","2006-2007-2008"
"C1.423",2008,"PID8864642","PID1414708",7,3,"2007-2008","2006-2007-2008"
"C1.424",2008,"PID5867011","PID8651288",1,4,"2008","2007-2008"
"C1.425",2008,"PID37001","PID8926530",4,1,"2006-2007-2008","2008"
"C1.426",2008,"PID1415299","PID5865603",4,3,"2007-2008","2008"
"C1.427",2008,"PID8738567","PID1413462",1,47,"2008","2005-2006-2007-2008"
"C1.428",2008,"PID5314326","PID1413462",1,47,"2008","2005-2006-2007-2008"
"C1.429",2008,"PID5865491","PID1390177",1,8,"2008","2006-2008"
"C1.430",2008,"PID1376338","PID1413462",6,47,"2006-2007-2008","2005-2006-2007-2008"
"C1.431",2008,"PID1388835","PID1415299",5,4,"2005-2006-2007-2008","2007-2008"
"C1.432",2008,"PID5865472","PID8864612",3,3,"2008","2008"
"C1.433",2008,"PID5865492","PID5865522",1,1,"2008","2008"
"C1.434",2008,"PID1376356","PID1331862",3,6,"2006-2007-2008","2006-2007-2008"
"C1.435",2008,"PID7968137","PID1409169",2,1,"2008","2008"
"C1.436",2008,"PID8866144","PID7968137",1,2,"2008","2008"
"C1.437",2008,"PID5465649","PID8865412",1,1,"2008","2008"
"C1.438",2008,"PID5312880","PID1376295",2,23,"2008","2005-2006-2007-2008"
"C1.439",2008,"PID4485650","PID1376295",1,23,"2008","2005-2006-2007-2008"
"C1.440",2008,"PID1390177","PID1331862",8,6,"2006-2008","2006-2007-2008"
"C1.441",2008,"PID1331763","PID8864611",2,8,"2007-2008","2007-2008"
"C1.442",2008,"PID51775077","PID1376295",1,23,"2008","2005-2006-2007-2008"
"C1.443",2008,"PID5865472","PID8864616",3,2,"2008","2008"
"C1.444",2008,"PID5865587","PID1413907",1,11,"2008","2004-2005-2006-2007-2008"
"C1.445",2008,"PID5865603","PID1590582",3,9,"2008","2005-2006-2007-2008"
"C1.446",2008,"PID8864611","PID8947504",8,2,"2007-2008","2008"
"C1.447",2008,"PID8864611","PID5865496",8,1,"2007-2008","2008"
"C1.448",2008,"PID1376338","PID5312880",6,2,"2006-2007-2008","2008"
"C1.449",2008,"PID50346326","PID1376338",1,6,"2008","2006-2007-2008"
"C1.450",2007,"PID8865904","PID30295",1,11,"2007","2000-2001-2002-2003-2004-2007"
"C1.451",2007,"PID1130808","PID8918647",18,7,"2005-2006-2007","2007-2008"
"C1.452",2007,"PID9008944","PID1413462",3,47,"2007","2005-2006-2007-2008"
"C1.453",2007,"PID1590582","PID1414534",9,2,"2005-2006-2007-2008","2007"
"C1.454",2007,"PID1413462","PID8866112",47,5,"2005-2006-2007-2008","2007-2008"
"C1.455",2007,"PID1414691","PID1413462",6,47,"2006-2007-2008","2005-2006-2007-2008"
"C1.456",2007,"PID1376294","PID1590582",7,9,"2005-2006-2007","2005-2006-2007-2008"
"C1.457",2007,"PID1517427","PID1376338",35,6,"2004-2005-2006-2007-2008","2006-2007-2008"
"C1.458",2007,"PID1413907","PID1414708",11,3,"2004-2005-2006-2007-2008","2006-2007-2008"
"C1.459",2007,"PID8590113","PID1413462",2,47,"2007","2005-2006-2007-2008"
"C1.460",2007,"PID1517427","PID1376296",35,1,"2004-2005-2006-2007-2008","2007"
"C1.461",2007,"PID1413462","PID1331761",47,4,"2005-2006-2007-2008","2007-2008"
"C1.462",2007,"PID8864611","PID1331763",8,2,"2007-2008","2007-2008"
"C1.463",2007,"PID1413462","PID8918647",47,7,"2005-2006-2007-2008","2007-2008"
"C1.464",2007,"PID1376295","PID8866112",23,5,"2005-2006-2007-2008","2007-2008"
"C1.465",2007,"PID8864642","PID1376294",7,7,"2007-2008","2005-2006-2007"
"C1.466",2007,"PID1517427","PID1414809",35,2,"2004-2005-2006-2007-2008","2007"
"C1.467",2007,"PID1376294","PID8651288",7,4,"2005-2006-2007","2007-2008"
"C1.468",2007,"PID1590576","PID1415299",3,4,"2006-2007","2007-2008"
"C1.469",2007,"PID1388835","PID1415299",5,4,"2005-2006-2007-2008","2007-2008"
"C1.470",2007,"PID8918647","PID1413462",7,47,"2007-2008","2005-2006-2007-2008"
"C1.471",2007,"PID1390722","PID1517427",2,35,"2007","2004-2005-2006-2007-2008"
"C1.472",2007,"PID7932229","PID8869220",4,1,"2007-2008","2007"
"C1.473",2007,"PID286777","PID1517427",6,35,"2003-2004-2005-2007","2004-2005-2006-2007-2008"
"C1.474",2007,"PID8651288","PID1413462",4,47,"2007-2008","2005-2006-2007-2008"
"C1.475",2007,"PID1376562","PID5687",2,21,"2006-2007","2000-2001-2002-2003-2004-2005-2007"
"C1.476",2007,"PID1376295","PID9008944",23,3,"2005-2006-2007-2008","2007"
"C1.477",2007,"PID1376295","PID8865433",23,1,"2005-2006-2007-2008","2007"
"C1.478",2007,"PID1413462","PID286777",47,6,"2005-2006-2007-2008","2003-2004-2005-2007"
"C1.479",2007,"PID8866112","PID1413462",5,47,"2007-2008","2005-2006-2007-2008"
"C1.480",2007,"PID1410568","PID1413462",2,47,"2007","2005-2006-2007-2008"
"C1.481",2007,"PID3168064","PID1517427",5,35,"2003-2004-2007","2004-2005-2006-2007-2008"
"C1.482",2007,"PID1517427","PID50878568",35,2,"2004-2005-2006-2007-2008","2007-2008"
"C1.483",2007,"PID3168064","PID1130808",5,18,"2003-2004-2007","2005-2006-2007"
"C1.484",2007,"PID1591409","PID37001",7,4,"2005-2006-2007","2006-2007-2008"
"C1.485",2007,"PID1410568","PID424295",2,49,"2007","2001-2002-2003-2004-2005-2006-2007"
"C1.486",2007,"PID1413462","PID1410611",47,1,"2005-2006-2007-2008","2007"
"C1.487",2007,"PID1390722","PID1413462",2,47,"2007","2005-2006-2007-2008"
"C1.488",2007,"PID1414468","PID1590576",1,3,"2007","2006-2007"
"C1.489",2007,"PID1376356","PID8590113",3,2,"2006-2007-2008","2007"
"C1.490",2007,"PID1413907","PID9008944",11,3,"2004-2005-2006-2007-2008","2007"
"C1.491",2007,"PID1517427","PID1414809",35,2,"2004-2005-2006-2007-2008","2007"
"C1.492",2007,"PID1414501","PID1376295",1,23,"2007","2005-2006-2007-2008"
"C1.493",2007,"PID7932244","PID1331862",1,6,"2007","2006-2007-2008"
"C1.494",2007,"PID1376336","PID7967333",11,5,"2006-2007-2008","2006-2007"
"C1.495",2007,"PID1413925","PID1390354",8,1,"2005-2006-2007-2008","2007"
"C1.496",2007,"PID1517427","PID8866112",35,5,"2004-2005-2006-2007-2008","2007-2008"
"C1.497",2007,"PID1413462","PID1414534",47,2,"2005-2006-2007-2008","2007"
"C1.498",2007,"PID7967333","PID8918647",5,7,"2006-2007","2007-2008"
"C1.499",2007,"PID1376336","PID1376295",11,23,"2006-2007-2008","2005-2006-2007-2008"
"C1.500",2007,"PID1130808","PID8651288",18,4,"2005-2006-2007","2007-2008"
