CLUSTER,POP,P1,P2,TESTER,GEN,N_LINES,N_PARENTS_KNOWN,FAMILY_PRED,FAMILY_SD,BEST_LINE_PRED,N_ADVANCE_10PCT,FAMILY_RANK
C1,C1.393,1376295,8864642,T8864564,F2,87,2,17.89026400981835,12.984823772203292,21.72136547572936,30,1
C1,C1.439,4485650,1376295,T8864564,F2,88,1,17.243441498532995,12.856836262156806,21.684450838746976,31,2
C1,C1.392,1414691,8864649,T8864564,F2,61,1,16.339762221820678,12.856836262156806,20.840062477853213,21,3
C1,C1.449,50346326,1376338,T8864564,DH,85,1,15.654740471058513,12.856836262156806,19.674105899386824,30,4
C1,C1.401,1517427,1413462,T7345234,DH2,72,2,11.749567258055531,12.98482377220329,18.865909793648388,25,5
C1,C1.388,7509896,1413462,T7345234,F2,139,1,11.195256093126403,12.856836262156806,14.223981339761913,48,6
C1,C1.381,1413462,8865385,T7345234,F2,115,1,10.85246975639903,12.856836262156806,13.98404379195989,40,7
C1,C1.385,1413462,1385351,T7345234,BC,67,1,10.788652276354409,12.856836262156806,17.515304163024272,23,8
C1,C1.428,5314326,1413462,T7345234,F2,69,1,10.699882336849267,12.856836262156806,15.614916402324265,24,9
C1,C1.427,1413462,8738567,T7345234,DH,40,1,10.389980863572267,12.856836262156808,19.18577611366851,14,10
C1,C1.380,1413462,8927040,T7345234,F2,123,1,9.99022108024418,12.856836262156806,16.952078865327618,43,11
C1,C1.379,8865346,1517427,T7345234,DH,61,1,9.401843791195777,12.856836262156806,21.76693796847012,21,12
C1,C1.400,1517427,50878568,T7345234,BC,113,2,8.571307986498766,12.98482377220329,13.170998300487842,39,13
C1,C1.396,8918647,8947504,T7345234,F2,172,1,8.417611754599534,12.856836262156804,12.300268525730392,60,14
C1,C1.383,7932229,8865385,T7345234,F2,115,1,8.388455752107198,12.856836262156806,11.550809387939765,40,15
C1,C1.444,1413907,5865587,T7345234,F2,138,1,8.067587923247,12.856836262156806,12.973631838941236,48,16
C1,C1.389,1401906,7942535,T7345234,DH,165,2,8.03706069740349,12.98482377220329,15.603671811971267,58,17
C1,C1.445,5865603,1590582,T7345234,F2,149,1,7.886096047777163,12.856836262156806,13.890965712305476,52,18
C1,C1.431,1388835,1415299,T7345234,DH2,67,2,7.758227052421521,12.98482377220329,13.399895068559523,23,19
C1,C1.382,6779667,1390616,T7345234,BC,66,1,7.7109786373091875,12.856836262156806,13.92803814509463,23,20
C1,C1.398,7932229,8918536,T7345234,F2,139,1,7.35219663147408,12.856836262156806,12.735636769026339,48,21
C1,C1.410,1390177,8866112,T7345234,F2,69,2,6.342813656152348,12.98482377220329,11.898102730226313,0,22
C1,C1.424,8651288,5867011,T7345234,F2,88,1,6.288175713434867,12.856836262156806,13.020478716973695,0,23
C1,C1.386,8865382,8869974,T7345234,F2,88,0,5.597264825266592,17.477570328949472,12.95268250794402,0,24
C1,C1.397,1376338,5865617,T7345234,F2,138,1,4.806703060838247,12.856836262156806,10.297743119936285,0,25
C1,C1.429,1390177,5865491,T8865367,F2,87,1,2.072466547413963,12.856836262156808,7.819424284554895,0,26
C1,C1.399,1413462,8864611,T144440,F2,55,2,1.7885091281843153,12.98482377220329,9.469150658904223,0,27
C1,C1.418,1517427,1409892,T8983369,BC,80,1,1.1540875391362069,12.856836262156808,7.4077206455992,0,28
C1,C1.426,5865603,1415299,T8865367,F2,88,1,0.4737327807502796,12.856836262156806,5.358964646254367,0,29
C1,C1.384,8864642,5867014,T144440,F2,135,1,0.28363108675730864,12.856836262156806,5.317902480839585,0,30
C1,C1.387,5865603,7932229,T8865367,F2,139,1,0.014184648202738348,12.856836262156806,4.413171507234331,0,31
C1,C1.435,1409169,7968137,T144440,F2,139,0,-0.18107681984736956,17.477570328949472,5.046417786466748,0,32
C1,C1.436,8866144,7968137,T144440,F2,141,0,-0.49153798206411503,17.477570328949472,3.89403365159238,0,33
C1,C1.423,1414708,8864642,T144440,F2,114,2,-0.6453416626283492,12.984823772203292,3.610590941400853,0,34
C1,C1.413,8918647,8864642,T144440,F2,75,2,-0.8256216394540599,12.98482377220329,3.4915562089623484,0,35
C1,C1.421,8864642,5867017,T144440,F2,126,1,-1.2292471573942123,12.856836262156806,2.6234860877383266,0,36
C1,C1.412,5865493,5865475,T144440,F2,140,0,-1.3984469288324832,17.477570328949472,2.9884610213761973,0,37
C1,C1.425,37001,8926530,T8865367,F2,78,1,-1.3993253512206947,12.856836262156806,4.22860481940544,0,38
C1,C1.419,8864641,1376295,T144440,F2,72,1,-1.7873433378237027,12.856836262156806,2.5001577455990494,0,39
C1,C1.420,1376336,1413925,T144440,DH2,54,2,-2.8791155837627684,12.98482377220329,3.5405152952353056,0,40
C1,C1.446,8864611,8947504,T222018,F2,69,1,-2.892936694728985,12.856836262156806,1.705190446241775,0,41
C1,C1.447,8864611,5865496,T222018,BC,88,1,-3.5255072260802547,12.856836262156806,0.3586619820607506,0,42
C1,C1.422,1376336,8918647,T_UNK,F2,134,2,-3.651782074502676,12.98482377220329,-0.2963635822022277,0,43
C1,C1.411,1376295,8864649,T222018,F2,87,1,-3.777368180449287,12.856836262156808,2.342001490838005,0,44
C1,C1.391,1414504,1413462,T222018,BC,66,1,-4.203982274694198,12.856836262156806,1.5843640371990686,0,45
C1,C1.442,1376295,51775077,T222018,F2,115,1,-4.265945553198346,12.856836262156806,0.8751496870371271,0,46
C1,C1.395,8864642,1331862,T222018,DH,46,2,-4.622364404698491,12.984823772203288,0.9181860111246296,0,47
C1,C1.390,1376295,5865472,T222018,F2,136,1,-4.768581479507566,12.856836262156806,3.5366437746860564,0,48
C1,C1.440,1331862,1390177,T222018,F2,88,2,-4.816753951163385,12.984823772203292,1.770759122391099,0,49
C1,C1.434,1331862,1376356,T_UNK,F2,162,2,-4.819497537279942,12.98482377220329,-0.10514529902575465,0,50
C1,C1.443,5865472,8864616,T_UNK,F2,66,0,-5.025315041766925,17.477570328949472,0.026647862648565557,0,51
C1,C1.438,5312880,1376295,T222018,F2,175,1,-5.170290373869272,12.856836262156808,-1.1273342369014987,0,52
C1,C1.448,1376338,5312880,T222018,F2,175,1,-6.803789889345265,12.856836262156808,-1.6410596789325913,0,53
C1,C1.437,5465649,8865412,T8864644,F2,149,0,-10.443442404598038,17.477570328949472,-5.615459615193929,0,54
C1,C1.430,1413462,1376338,T8864644,F2,102,2,-10.722627464329067,12.98482377220329,-1.4095626457976973,0,55
C1,C1.394,8864611,1376295,T8864644,F2,78,2,-11.785355792268618,12.98482377220329,-8.842047766070825,0,56
C1,C1.414,1590582,1376295,T366229,F2,88,2,-12.058182763486691,12.984823772203292,-5.79663258778813,0,57
C1,C1.433,5865492,5865522,T8864644,F2,88,0,-12.091473053253582,17.477570328949472,-8.647546741761488,0,58
C1,C1.432,8864612,5865472,T543129,F2,181,0,-14.185511152864418,17.477570328949472,-10.122056405906847,0,59
C1,C1.404,1331761,8864613,T543129,F2,130,1,-14.945877679660835,12.856836262156806,-10.836193470805618,0,60
C1,C1.405,8405827,558488,T543129,F2,71,0,-14.94901467010638,17.477570328949472,-8.182858347308088,0,61
C1,C1.415,8864531,8405827,T543129,F2,75,0,-14.979945703563642,17.477570328949472,-10.333254251615715,0,62
C1,C1.407,1414691,4481669,T543129,F2,85,1,-15.427349500665978,12.856836262156806,-10.970826105066077,0,63
C1,C1.417,1414691,8864616,T543129,F2,141,1,-15.783294428762032,12.856836262156806,-12.27255698822269,0,64
C1,C1.406,8864611,1376295,T2569286,F2,181,2,-22.8004436549903,12.98482377220329,-19.26538343141403,0,65
C1,C1.409,1331862,8864611,T2569286,F2,87,2,-23.354699127485112,12.984823772203292,-18.257987340428507,0,66
C1,C1.441,1331763,8864611,T2569286,F2,88,2,-23.591372609168648,12.984823772203292,-19.804121145078827,0,67
C1,C1.408,1331761,8864631,T2569286,F2,73,1,-24.46734074012026,12.856836262156806,-19.543730020823244,0,68
C1,C1.416,8864612,1376295,T2569286,F2,168,1,-24.47778272603321,12.856836262156806,-18.82123627614157,0,69
C1,C1.403,1414691,8864641,T2569286,F2,115,1,-24.967475167050594,12.856836262156806,-18.807687684695622,0,70
C1,C1.402,8864612,1331761,T2569286,F2,88,1,-25.31207046735907,12.856836262156806,-20.673342894630288,0,71
C2,C2.417,8983369,1377170,T628275,F2,88,2,12.558442621575692,14.196557650739676,15.848290273062357,30,1
C2,C2.424,7345234,8865361,T628275,DH2,58,2,10.97152499143939,14.196557650739678,14.77133530461079,20,2
C2,C2.422,1591428,8865367,T424295,F2,88,2,8.915449512352561,14.196557650739676,11.152460228470986,30,3
C2,C2.438,5865593,8865367,T1130808,F2,112,1,8.571154836534701,12.896628163206435,11.065105130777766,38,4
C2,C2.442,8866072,8865347,T1130808,F2,139,0,8.396549761211215,9.234577750591608,15.946365113845646,47,5
C2,C2.440,1390953,5314305,T628275,F2,119,1,8.27513964450603,12.896628163206435,12.818921206905507,40,6
C2,C2.421,8865367,7968903,T1130808,F2,63,2,8.23479835876736,14.196557650739678,12.403414045820693,21,7
C2,C2.372,8869970,1591316,T628275,F2,115,1,7.468779951843218,12.896628163206435,12.06785700120666,39,8
C2,C2.426,1331856,5865511,T628275,F2,88,1,6.618285001613854,12.896628163206435,9.396959627189858,30,9
C2,C2.414,8865411,8983367,T628275,F2,85,1,6.433909857472472,12.896628163206435,9.997277636936413,29,10
C2,C2.386,8865367,5865590,T424295,DH,44,1,6.301118860732163,12.896628163206435,10.845058510858482,15,11
C2,C2.398,7345234,1401985,T1517427,BC,104,2,6.189345520080451,14.19655765073968,9.748865923630785,35,12
C2,C2.416,8983369,5865510,T1413462,F2,88,1,6.138745197921133,12.896628163206435,10.2910972729545,30,13
C2,C2.427,8983367,5865621,T1517427,F2,69,1,5.882237542068609,12.896628163206435,9.077790411795203,23,14
C2,C2.366,8983367,8865367,T1517427,F2,171,2,5.4186932207359515,14.196557650739676,9.502327481684949,58,15
C2,C2.388,8865367,8984835,T1517427,DH2,57,1,5.105402253484629,12.896628163206435,9.441600762101142,19,16
C2,C2.371,7631911,8918616,T628275,F2,113,1,4.7437022030418525,12.896628163206435,6.32425916145324,38,17
C2,C2.369,8865429,5772867,T628275,F2,40,0,4.739935185598125,9.234577750591608,8.526860182746645,14,18
C2,C2.399,8651286,5865593,T424295,F2,88,0,4.734891741561588,9.234577750591608,6.257753441528355,30,19
C2,C2.376,1397252,1388659,T628275,F2,88,0,4.72674766491884,9.234577750591608,8.046957468566585,30,20
C2,C2.368,8918616,8737876,T1413462,F2,138,0,4.240614043256844,9.234577750591608,5.948475454686762,47,21
C2,C2.415,5314304,8865367,T1413462,F2,115,1,4.17390208364578,12.896628163206435,8.58162565935902,39,22
C2,C2.408,5312821,8865367,T1413462,F2,86,1,3.794272469581361,12.896628163206435,7.835705511657677,29,23
C2,C2.439,8865367,5312821,T1413462,F2,147,1,3.794272469581361,12.896628163206435,8.284959611904323,50,24
C2,C2.429,1390953,8729220,T5687,F2,141,2,3.5725179145880293,14.196557650739678,8.660473185090547,48,25
C2,C2.413,8737876,5312821,T1413462,F2,75,0,3.544403773105468,9.234577750591608,5.007338921314123,25,26
C2,C2.420,6455705,1401937,T424295,F2,81,2,3.531981913997208,14.196557650739676,7.578235029764,0,27
C2,C2.374,8865424,8865429,T1517427,F2,42,1,3.494425129882532,12.896628163206433,6.47830480774765,0,28
C2,C2.425,5312839,8865367,T1517427,F2,65,1,3.2695042822059928,12.896628163206435,6.124463341529394,0,29
C2,C2.423,1331863,1386791,T1517427,BC,115,2,3.250763929705101,14.196557650739678,6.823519283107281,0,30
C2,C2.384,1378385,8866072,T5687,F2,104,1,3.0603108868445434,12.896628163206433,7.6377439709407415,0,31
C2,C2.375,1331717,8865815,T1413462,F2,116,1,2.9021815916465643,12.896628163206435,7.156406356807271,0,32
C2,C2.406,1331717,7631909,T1517427,F2,77,2,2.8007705321367986,14.19655765073968,8.47928975896308,0,33
C2,C2.370,8865334,8865429,T1517427,F2,88,1,2.6479611483502103,12.896628163206435,5.575963027475463,0,34
C2,C2.444,8865367,1331717,T1413462,F2,139,2,2.3065232849874464,14.196557650739678,8.330801463988303,0,35
C2,C2.411,5867848,8729220,T5687,F2,87,1,2.0626170976402975,12.896628163206433,5.1519213382352,0,36
C2,C2.419,1406277,5865511,T1517427,DH,68,1,1.7136457171826103,12.896628163206435,6.877847784025702,0,37
C2,C2.373,8729220,8983367,T1376336,F2,63,2,1.019086123489054,14.196557650739678,4.37509313148324,0,38
C2,C2.382,7345234,8865430,T1376336,F2,138,1,0.871427179060721,12.896628163206435,6.428655743441128,0,39
C2,C2.418,8869014,7345234,T1517427,F2,149,2,0.7067955237103799,14.19655765073968,6.0133698116491345,0,40
C2,C2.437,1413955,5314305,T628275,F2,133,1,0.683123257646955,12.896628163206435,8.209603554171446,0,41
C2,C2.385,8983367,8869156,T1376336,F2,57,1,0.302848426191659,12.896628163206435,6.157778072781411,0,42
C2,C2.387,8864644,8866134,T1517427,F2,134,1,0.2834786963473779,12.896628163206435,2.8943619370212463,0,43
C2,C2.412,8864644,7345234,T5687,F2,163,2,0.18773237703757806,14.19655765073968,6.150577117847929,0,44
C2,C2.364,8591702,8885345,T8864611,F2,45,2,0.08188325333057911,14.196557650739676,7.3672068424586845,0,45
C2,C2.441,222018,8869014,T1413462,BC,139,2,-0.1255679670983938,14.196557650739678,2.9662444696134704,0,46
C2,C2.402,8591702,8869156,T1376336,F2,162,1,-0.22377980988166835,12.896628163206437,6.644868836809453,0,47
C2,C2.379,8864645,8866072,T5687,F2,79,0,-0.5880828495830849,9.234577750591608,2.44603636522595,0,48
C2,C2.367,8983369,1331760,T5687,DH2,57,2,-0.9194040912041971,14.196557650739678,7.6293000852416215,0,49
C2,C2.432,8866072,8864144,T8864642,F2,86,0,-1.0531692401889945,9.234577750591608,3.2275136600819234,0,50
C2,C2.400,366229,8864645,T1413907,F2,115,1,-1.0709656984917215,12.896628163206435,4.759384469890926,0,51
C2,C2.389,8454803,1331760,T1517427,BC,64,2,-1.2031682592997215,14.196557650739678,3.1286985028604852,0,52
C2,C2.443,5314304,1413955,T1413462,F2,111,1,-1.939560987232504,12.896628163206435,2.1567310277302933,0,53
C2,C2.377,8866072,8864564,T_UNK,F2,245,1,-1.9596888759858466,12.896628163206435,2.621370582504512,0,54
C2,C2.449,1331716,5862470,T1331761,F2,114,0,-2.756805225158529,9.234577750591608,3.122366358552382,0,55
C2,C2.409,1331856,1331858,T5687,DH2,62,2,-2.8012198955560264,14.196557650739678,3.026350635568387,0,56
C2,C2.365,8864144,8885345,T8864611,F2,40,1,-3.1503779656735262,12.896628163206435,2.7073315407215595,0,57
C2,C2.407,8864564,8866167,T5687,F2,113,1,-3.1749805667744413,12.896628163206435,0.6218187033264968,0,58
C2,C2.431,8866177,1331769,T_UNK,F2,73,2,-3.1791638818492647,14.196557650739678,1.041085825772293,0,59
C2,C2.447,4485649,8864564,T8864611,F2,163,1,-3.3870271962385985,12.896628163206433,-1.3606533991543368,0,60
C2,C2.430,1331717,8865367,T1376336,F2,131,2,-3.5269447239975245,14.196557650739678,1.6149660702498219,0,61
C2,C2.404,8729220,1331863,T1376295,F2,88,2,-3.5361546112140134,14.196557650739676,2.3200715031758126,0,62
C2,C2.393,8864609,5862469,T1331761,F2,80,0,-3.8011693700615643,9.234577750591608,-1.9858737785902028,0,63
C2,C2.436,8864644,1331762,T_UNK,F2,61,1,-4.5967474329735145,12.896628163206435,-0.6817828024825632,0,64
C2,C2.410,1413955,5867845,T5687,F2,115,1,-5.2027631590809005,12.896628163206435,-0.8548903522236238,0,65
C2,C2.428,8866072,2569286,T5687,F2,161,1,-5.215647650460472,12.896628163206435,-1.1297035770529575,0,66
C2,C2.383,8864564,5862465,T1376336,F2,135,1,-5.306725662647629,12.896628163206435,-0.8262674506151377,0,67
C2,C2.401,1406277,1331858,T5687,F2,87,2,-5.695046899218961,14.196557650739678,-2.3367912567131177,0,68
C2,C2.448,1331858,8864564,T5687,F2,80,2,-5.868407387263578,14.196557650739678,1.288641102953389,0,69
C2,C2.391,5862468,2569286,T1331761,F2,76,1,-5.983071095106663,12.896628163206435,-2.4433365930396853,0,70
C2,C2.434,8864144,5862466,T1376295,F2,61,0,-7.1683616809179815,9.234577750591608,-2.074843491666636,0,71
C2,C2.435,8864564,5862466,T1376295,F2,163,1,-8.16625862976362,12.896628163206433,-4.3048202951584695,0,72
C2,C2.397,1406277,8864659,T1376295,F2,70,2,-8.23613141226565,14.196557650739678,-4.256026761136197,0,73
C2,C2.433,1414949,8866072,T8864611,F2,63,1,-8.311163232071914,12.896628163206435,-4.807951557964191,0,74
C2,C2.381,8864645,8864564,T1376295,DH2,64,1,-8.791093305566656,12.896628163206435,-4.328280850402763,0,75
C2,C2.445,8864564,5862470,T1376295,F2,87,1,-9.261595966802467,12.896628163206433,-5.490337379740662,0,76
C2,C2.380,8864644,8869156,T1376295,BC,123,1,-9.382692049902122,12.896628163206435,-6.448231531864449,0,77
C2,C2.378,8864645,1331760,T1376295,F2,71,1,-9.987658442681344,12.896628163206435,-6.940471507161737,0,78
C2,C2.396,1415240,1331858,T1376295,DH2,135,1,-10.859610686396193,12.896628163206435,-3.601751592229813,0,79
C2,C2.405,9007462,5862472,T1414691,F2,113,0,-12.586593214278977,9.234577750591608,-9.80031264675887,0,80
C2,C2.392,5771778,9007462,T1414691,F2,57,0,-13.090509577390895,9.234577750591608,-11.57446929515345,0,81
C2,C2.446,8864564,4727856,T1414691,F2,139,1,-13.114846144118296,12.896628163206435,-9.82856161907377,0,82
C2,C2.390,8885345,5862469,T1414691,F2,57,1,-13.272225840688586,12.896628163206435,-9.47252581134595,0,83
C2,C2.395,8405824,5862469,T1414691,F2,88,0,-13.341257915093102,9.234577750591608,-10.998054983961442,0,84
C2,C2.403,543129,5862472,T1414691,F2,145,1,-13.69698975728657,12.896628163206435,-10.01676388491999,0,85
C2,C2.394,5862472,2569286,T1414691,F2,80,1,-15.800188723402835,12.896628163206435,-10.195091317921378,0,86
