cluster,year,strategy,gain_bu,gain_pct_of_max,n_families
C1,2004,Random,0.12865743472642155,0.606589740638401,76
C1,2004,Family prediction only,-0.9843700681126997,-4.641074847935417,8
C1,2004,"Total prediction, one list",0.18610475530436274,0.8774404331292264,28
C1,2004,"Two-step: top 30% families, best siblings",4.783870224770376,22.5472804021924,23
C1,2005,Random,-0.12016337289946687,-0.46856177689363787,68
C1,2005,Family prediction only,9.418609751133795,36.726669819357035,7
C1,2005,"Total prediction, one list",10.103311665148926,39.396577776599706,43
C1,2005,"Two-step: top 30% families, best siblings",11.083058145991668,43.16525525372153,20
C1,2006,Random,0.05741729091258904,0.2040867410870801,57
C1,2006,Family prediction only,16.36614365157136,58.172596946399416,6
C1,2006,"Total prediction, one list",16.739676260826982,59.50029896265771,27
C1,2006,"Two-step: top 30% families, best siblings",16.08430142098042,57.15693246891055,17
C1,2007,Random,-0.10571646446268118,-0.341688323358504,51
C1,2007,Family prediction only,0.3558935140275036,1.1502906261602366,5
C1,2007,"Total prediction, one list",4.474918115955949,14.463473366982901,14
C1,2007,"Two-step: top 30% families, best siblings",6.369276586222734,20.57548624795093,15
C1,2008,Random,0.7867903041446117,2.3473802842693194,71
C1,2008,Family prediction only,8.27994225679655,24.70311734411038,9
C1,2008,"Total prediction, one list",5.22970537906378,15.602768914009372,24
C1,2008,"Two-step: top 30% families, best siblings",9.17169918448132,27.363664403957046,21
C2,2004,Random,-0.13619564255787103,-0.6031576488158756,82
C2,2004,Family prediction only,1.3720735079754949,6.076381120059723,9
C2,2004,"Total prediction, one list",2.777605666416959,12.300937619071318,52
C2,2004,"Two-step: top 30% families, best siblings",1.897378745870593,8.40555802498765,25
C2,2005,Random,0.1909969563997729,0.7416516493197354,74
C2,2005,Family prediction only,13.459357054832791,52.26342108617928,7
C2,2005,"Total prediction, one list",12.699034131508762,49.311045505289975,36
C2,2005,"Two-step: top 30% families, best siblings",11.735906621442684,45.57857855176132,22
C2,2006,Random,-0.19044174331824723,-0.6404559753854836,39
C2,2006,Family prediction only,13.705373661288862,46.091199877302515,4
C2,2006,"Total prediction, one list",11.963893392783739,40.23459814416161,23
C2,2006,"Two-step: top 30% families, best siblings",12.22266618800696,41.141364699168,12
C2,2007,Random,-0.2914124857709542,-1.1379925535301854,51
C2,2007,Family prediction only,4.059824562790657,15.853988235514377,4
C2,2007,"Total prediction, one list",4.847954718855854,18.93170896680698,15
C2,2007,"Two-step: top 30% families, best siblings",7.028098121109466,27.45699940398487,15
C2,2008,Random,-0.03895961223845812,-0.13069282800335572,86
C2,2008,Family prediction only,17.53944680243323,58.837338785462556,9
C2,2008,"Total prediction, one list",17.099248206773463,57.360660860698964,30
C2,2008,"Two-step: top 30% families, best siblings",15.18205068943005,50.942571620689115,26
