n_lines,n_pops,coverage,r_overall,rho_overall,r_between_pops,rho_within_pops,top10_precision,gain_selected_bu,gain_max_bu,gain_captured_pct,cluster,year,model,holdout,trait
13385.0,76.0,1.0,0.27215601366040765,0.2509278473388558,0.3978351634462159,,0.23467862481315396,7.620888043551251,21.20995890748448,35.930706310147656,C1,2004,B1 parent history (family only),False,YLD_BE
13385.0,76.0,1.0,0.19085035603970146,0.1506380032558095,0.2935842390798483,,0.10986547085201794,2.7046240539190234,21.20995890748448,12.751670409717894,C1,2004,B2 parent history + tester (family only),False,YLD_BE
13385.0,76.0,1.0,0.20219893620072732,0.16285721341684223,0.2859601584101374,,0.02914798206278027,-0.9768142182344464,21.20995890748448,-4.6054507813768195,C1,2004,B3 genomic family model (family only),False,YLD_BE
13385.0,76.0,1.0,0.20219893620072732,0.16285721341684223,0.2859601584101374,,0.02914798206278027,-0.9768142182344464,21.20995890748448,-4.6054507813768195,C1,2004,Stage 2 family part only,False,YLD_BE
13385.0,76.0,1.0,0.23496937628128778,0.19965183707002931,0.285960158672084,0.20520327854809825,0.05680119581464873,0.18610475530436274,21.20995890748448,0.8774404331292264,C1,2004,Stage 2 total (family + within),False,YLD_BE
,,,,,,0.20520327854809825,,,,,C1,2004,Within-family model on DEV,False,YLD_BE
11639.0,68.0,1.0,0.13805526934135656,0.1824730645754637,0.15703889350195677,,0.014604810996563574,-5.59829046868422,25.645150506321304,-21.829821070086098,C1,2005,B1 parent history (family only),False,YLD_BE
11639.0,68.0,1.0,0.3855947663520148,0.35709568264920266,0.4640769768003844,,0.07560137457044673,2.293186130572405,25.645150506321304,8.94198741398361,C1,2005,B2 parent history + tester (family only),False,YLD_BE
11639.0,68.0,1.0,0.4644275485097814,0.4578383226718254,0.5693724261015696,,0.1331615120274914,9.330952764471366,25.645150506321304,36.38486255782109,C1,2005,B3 genomic family model (family only),False,YLD_BE
11639.0,68.0,1.0,0.4644275485097814,0.4578383226718254,0.5693724261015696,,0.1331615120274914,9.330952764471366,25.645150506321304,36.38486255782109,C1,2005,Stage 2 family part only,False,YLD_BE
11639.0,68.0,1.0,0.47364397907807404,0.439300007483904,0.5693782928074501,0.2062763895259406,0.24140893470790378,10.103311665148926,25.645150506321304,39.396577776599706,C1,2005,Stage 2 total (family + within),False,YLD_BE
,,,,,,0.2062763895259406,,,,,C1,2005,Within-family model on DEV,False,YLD_BE
9273.0,58.0,1.0,0.41519508066289984,0.3752610982515843,0.4840691631266232,,0.11003236245954692,4.6960982163289815,28.13376832162268,16.692034151428327,C1,2006,B1 parent history (family only),False,YLD_BE
9273.0,58.0,1.0,0.573711675328208,0.6027088988349426,0.6689056213314523,,0.46817691477885653,20.92069330566406,28.13376832162268,74.36150417711768,C1,2006,B2 parent history + tester (family only),False,YLD_BE
9273.0,58.0,1.0,0.5929851630230729,0.6073504344171774,0.687473485200972,,0.3193096008629989,16.44550707951957,28.13376832162268,58.45469007747568,C1,2006,B3 genomic family model (family only),False,YLD_BE
9273.0,58.0,1.0,0.5929851630230729,0.6073504344171774,0.687473485200972,,0.3193096008629989,16.44550707951957,28.13376832162268,58.45469007747568,C1,2006,Stage 2 family part only,False,YLD_BE
9273.0,58.0,1.0,0.6037426213511894,0.5953816224904137,0.6874870952279016,0.2666064111977581,0.31283710895361383,16.739676260826982,28.13376832162268,59.50029896265771,C1,2006,Stage 2 total (family + within),False,YLD_BE
,,,,,,0.2666064111977581,,,,,C1,2006,Within-family model on DEV,False,YLD_BE
6158.0,51.0,1.0,0.10009628310854027,0.14509429591030157,0.1286292669546178,,0.12012987012987013,4.255009610170141,30.939443122778897,13.752702636840374,C1,2007,B1 parent history (family only),False,YLD_BE
6158.0,51.0,1.0,0.22550160129868588,0.26252058506754433,0.28825621443503385,,0.1038961038961039,5.227421987776001,30.939443122778897,16.895656353709086,C1,2007,B2 parent history + tester (family only),False,YLD_BE
6158.0,51.0,1.0,0.2249399647361944,0.25725722249417815,0.3014722294900655,,0.040584415584415584,0.2807832893139264,30.939443122778897,0.9075253494372111,C1,2007,B3 genomic family model (family only),False,YLD_BE
6158.0,51.0,1.0,0.2249399647361944,0.25725722249417815,0.3014722294900655,,0.040584415584415584,0.2807832893139264,30.939443122778897,0.9075253494372111,C1,2007,Stage 2 family part only,False,YLD_BE
6158.0,51.0,1.0,0.2594720428481388,0.2990368651453836,0.30146918589554345,0.2722746973621587,0.10551948051948051,4.474918115955949,30.939443122778897,14.463473366982901,C1,2007,Stage 2 total (family + within),False,YLD_BE
,,,,,,0.2722746973621587,,,,,C1,2007,Within-family model on DEV,False,YLD_BE
7429.0,71.0,1.0,0.32124591825242554,0.3295827038922006,0.3767172636994045,,0.33243606998654107,10.331441813725132,33.51780320458471,30.823743879228797,C1,2008,B1 parent history (family only),True,YLD_BE
7429.0,71.0,1.0,0.33328952671827533,0.3381310178973523,0.35673191794906156,,0.15746971736204576,1.6150682359748307,33.51780320458471,4.818538452883794,C1,2008,B2 parent history + tester (family only),True,YLD_BE
7429.0,71.0,1.0,0.331437332466391,0.3732217077183394,0.34083589673910797,,0.3082099596231494,8.257581830907013,33.51780320458471,24.63640525754237,C1,2008,B3 genomic family model (family only),True,YLD_BE
7429.0,71.0,1.0,0.331437332466391,0.3732217077183394,0.34083589673910797,,0.3082099596231494,8.257581830907013,33.51780320458471,24.63640525754237,C1,2008,Stage 2 family part only,True,YLD_BE
7429.0,71.0,1.0,0.3435300226435362,0.37877564537443714,0.3407781149878936,0.17472674789433446,0.21534320323014805,5.22970537906378,33.51780320458471,15.602768914009372,C1,2008,Stage 2 total (family + within),True,YLD_BE
,,,,,,0.17472674789433446,,,,,C1,2008,Within-family model on DEV,True,YLD_BE
14514.0,82.0,1.0,0.11504879454617872,0.1273835463732213,0.1452469530365295,,0.11578221915920055,3.339726304756961,22.580438600961376,14.79035178977777,C2,2004,B1 parent history (family only),False,YLD_BE
14514.0,82.0,1.0,0.1459188375912703,0.11696340176970105,0.18910428008610722,,0.1019986216402481,0.4796323937064093,22.580438600961376,2.1241057456075665,C2,2004,B2 parent history + tester (family only),False,YLD_BE
14514.0,82.0,1.0,0.20191732456924488,0.18240640267670138,0.26471672936889423,,0.06547208821502412,-1.3180922339503693,22.580438600961376,-5.837319005372423,C2,2004,B3 genomic family model (family only),False,YLD_BE
14514.0,82.0,1.0,0.20620025303543021,0.1786810748871224,0.26817603098343984,,0.11853893866299105,1.352369706238061,22.580438600961376,5.989120628420757,C2,2004,Stage 2 family part only,False,YLD_BE
14514.0,82.0,1.0,0.24574366590682567,0.2325355751780487,0.2681760316825802,0.20232505110350066,0.12611991729841487,2.777605666416959,22.580438600961376,12.300937619071318,C2,2004,Stage 2 total (family + within),False,YLD_BE
,,,,,,0.20232505110350066,,,,,C2,2004,Within-family model on DEV,False,YLD_BE
12337.0,74.0,1.0,0.33973349662411284,0.3078703311261613,0.38247454874531894,,0.2698541329011345,14.595112647749215,25.752920063612198,56.67362229874468,C2,2005,B1 parent history (family only),False,YLD_BE
12337.0,74.0,1.0,0.41991761674387296,0.42850335375462856,0.4941611810399583,,0.21312803889789303,13.468728689752949,25.752920063612198,52.299811658188226,C2,2005,B2 parent history + tester (family only),False,YLD_BE
12337.0,74.0,1.0,0.5013450727638741,0.5233435095448536,0.5882394602078798,,0.2025931928687196,12.44475936668641,25.752920063612198,48.32368265791473,C2,2005,B3 genomic family model (family only),False,YLD_BE
12337.0,74.0,1.0,0.48873243380109166,0.5274813340307348,0.5677533891833876,,0.21312803889789303,13.468728689752952,25.752920063612198,52.29981165818825,C2,2005,Stage 2 family part only,False,YLD_BE
12337.0,74.0,1.0,0.4952145393111509,0.5154849820796258,0.5677911304794269,0.24855858346179924,0.23905996758508913,12.699034131508762,25.752920063612198,49.311045505289975,C2,2005,Stage 2 total (family + within),False,YLD_BE
,,,,,,0.24855858346179924,,,,,C2,2005,Within-family model on DEV,False,YLD_BE
6525.0,39.0,1.0,0.4377764018779385,0.32808631476260347,0.4949352388847007,,0.10122699386503067,9.76219844733103,29.73533710941215,32.830293503687884,C2,2006,B1 parent history (family only),False,YLD_BE
6525.0,39.0,1.0,0.4891742526227991,0.3495095991342183,0.5373573425514372,,0.10122699386503067,12.088225514819483,29.73533710941215,40.65272732688538,C2,2006,B2 parent history + tester (family only),False,YLD_BE
6525.0,39.0,1.0,0.5253162252260732,0.45048898772725976,0.5540697336294343,,0.19785276073619631,13.208675072434584,29.73533710941215,44.42080149901388,C2,2006,B3 genomic family model (family only),False,YLD_BE
6525.0,39.0,1.0,0.5735496344607856,0.47115486601160106,0.6157804630324607,,0.1165644171779141,13.580697316919228,29.73533710941215,45.67191307416023,C2,2006,Stage 2 family part only,False,YLD_BE
6525.0,39.0,1.0,0.539472443081407,0.4557143070745196,0.6157993442862142,0.2671421592992602,0.15950920245398773,11.963893392783739,29.73533710941215,40.23459814416161,C2,2006,Stage 2 total (family + within),False,YLD_BE
,,,,,,0.2671421592992602,,,,,C2,2006,Within-family model on DEV,False,YLD_BE
6051.0,51.0,1.0,0.2865995533135125,0.27296944174993676,0.35576192269148993,,0.12231404958677686,5.34092080341198,25.607591619730613,20.856786857288085,C2,2007,B1 parent history (family only),False,YLD_BE
6051.0,51.0,1.0,0.3361660788326418,0.297190995882567,0.43765392627505106,,0.06611570247933884,3.615210598093793,25.607591619730613,14.117729819262967,C2,2007,B2 parent history + tester (family only),False,YLD_BE
6051.0,51.0,1.0,0.37479444341765,0.3633156060809419,0.47872772878129116,,0.009917355371900827,-1.6422961112738221,25.607591619730613,-6.413317330507705,C2,2007,B3 genomic family model (family only),False,YLD_BE
6051.0,51.0,1.0,0.4047059301046915,0.3913205460714325,0.5175892371702536,,0.03305785123966942,4.076752022004948,25.607591619730613,15.920091520296726,C2,2007,Stage 2 family part only,False,YLD_BE
6051.0,51.0,1.0,0.42319672543478626,0.4164060338793686,0.5175892375619757,0.21772689963683112,0.06942148760330578,4.847954718855854,25.607591619730613,18.93170896680698,C2,2007,Stage 2 total (family + within),False,YLD_BE
,,,,,,0.21772689963683112,,,,,C2,2007,Within-family model on DEV,False,YLD_BE
8532.0,86.0,1.0,0.27906943594766986,0.3626827440301321,0.3321239571582014,,0.2790152403282532,15.264342218223188,29.810061373419646,51.205336436622524,C2,2008,B1 parent history (family only),True,YLD_BE
8532.0,86.0,1.0,0.571280943471174,0.5633140751902399,0.629374928470539,,0.32825322391559203,17.255319899818847,29.810061373419646,57.88421460683296,C2,2008,B2 parent history + tester (family only),True,YLD_BE
8532.0,86.0,1.0,0.6455385609839125,0.6293161091204351,0.709907385633672,,0.31652989449003516,16.68747262684425,29.810061373419646,55.97932999132888,C2,2008,B3 genomic family model (family only),True,YLD_BE
8532.0,86.0,1.0,0.6362145606208574,0.6137630732267425,0.7031911378772071,,0.3305978898007034,17.493750886853086,29.810061373419646,58.6840485422533,C2,2008,Stage 2 family part only,True,YLD_BE
8532.0,86.0,1.0,0.6355477160796708,0.6159613075048259,0.7033149485721202,0.18670601748959584,0.2989449003516999,17.099248206773463,29.810061373419646,57.360660860698964,C2,2008,Stage 2 total (family + within),True,YLD_BE
,,,,,,0.18670601748959584,,,,,C2,2008,Within-family model on DEV,True,YLD_BE
13385.0,76.0,1.0,0.5258504511483748,0.590447160405118,0.5391446705468723,,0.40358744394618834,4.065400250143403,6.073334968855327,66.93851518138197,C1,2004,B1 parent history (family only),False,MST
13385.0,76.0,1.0,0.6794007235011219,0.7321204828250574,0.6836851125202994,,0.57847533632287,4.605130963103794,6.073334968855327,75.8254070740272,C1,2004,B2 parent history + tester (family only),False,MST
13385.0,76.0,1.0,0.7337091680819797,0.7670583305695404,0.7434649465637563,,0.44170403587443946,4.579159879854728,6.073334968855327,75.39778232778401,C1,2004,B3 genomic family model (family only),False,MST
13385.0,76.0,1.0,0.7248105001888677,0.7615183476839823,0.7352250631424785,,0.476831091180867,4.863197826163636,6.073334968855327,80.074585892308,C1,2004,Stage 2 family part only,False,MST
13385.0,76.0,1.0,0.7295777651134342,0.7763732640245488,0.735225063026791,0.44994337280523905,0.47085201793721976,4.738469122356814,6.073334968855327,78.02087562527278,C1,2004,Stage 2 total (family + within),False,MST
,,,,,,0.44994337280523905,,,,,C1,2004,Within-family model on DEV,False,MST
11642.0,68.0,1.0,0.5998567194998394,0.6756575112998867,0.5998701660567678,,0.19329896907216496,2.048190564846385,4.15934017646643,49.243160644446895,C1,2005,B1 parent history (family only),False,MST
11642.0,68.0,1.0,0.7968946762555544,0.808773826241731,0.8036001885838694,,0.2259450171821306,2.1904142573824554,4.15934017646643,52.66254176024918,C1,2005,B2 parent history + tester (family only),False,MST
11642.0,68.0,1.0,0.8139439405792186,0.8389117062394811,0.8267751040587243,,0.5910652920962199,3.5691368375251966,4.15934017646643,85.8101690676659,C1,2005,B3 genomic family model (family only),False,MST
11642.0,68.0,1.0,0.8037228463302153,0.8377069351248039,0.8125375549849594,,0.23195876288659795,2.225491436290313,4.15934017646643,53.50587693889901,C1,2005,Stage 2 family part only,False,MST
11642.0,68.0,1.0,0.8046038182459703,0.8359314506031565,0.812537554814631,0.3905398356232831,0.30412371134020616,2.549872578757034,4.15934017646643,61.30473754429193,C1,2005,Stage 2 total (family + within),False,MST
,,,,,,0.3905398356232831,,,,,C1,2005,Within-family model on DEV,False,MST
9274.0,58.0,1.0,0.6899637170348463,0.7364780285792669,0.6975779845599834,,0.2761596548004315,3.651425067062479,5.120869553304622,71.30478581916084,C1,2006,B1 parent history (family only),False,MST
9274.0,58.0,1.0,0.675343909554391,0.7322503544003057,0.6903301541432083,,0.21359223300970873,3.123057101487274,5.120869553304622,60.986851334103775,C1,2006,B2 parent history + tester (family only),False,MST
9274.0,58.0,1.0,0.7294517482570787,0.8130004117376902,0.7458159416418224,,0.26429341963322545,3.328209671521006,5.120869553304622,64.99305707510615,C1,2006,B3 genomic family model (family only),False,MST
9274.0,58.0,1.0,0.7595333996812474,0.8076976181463943,0.7753088210040493,,0.20496224379719524,3.1470219238791537,5.120869553304622,61.45483479164791,C1,2006,Stage 2 family part only,False,MST
9274.0,58.0,1.0,0.7659202172635358,0.8167850577390356,0.775308820960331,0.4858018103229927,0.2826321467098166,3.4414901395683146,5.120869553304622,67.20519051979048,C1,2006,Stage 2 total (family + within),False,MST
,,,,,,0.4858018103229927,,,,,C1,2006,Within-family model on DEV,False,MST
6159.0,51.0,1.0,0.7041161411621214,0.7618843978352519,0.748796673177924,,0.3246753246753247,4.053553633432038,5.838032502506562,69.4335571391842,C1,2007,B1 parent history (family only),False,MST
6159.0,51.0,1.0,0.8282419680616765,0.8260582937353682,0.8395442938447243,,0.4496753246753247,4.842149153423415,5.838032502506562,82.94145589878845,C1,2007,B2 parent history + tester (family only),False,MST
6159.0,51.0,1.0,0.8928528742023306,0.905028685266366,0.9076006504171875,,0.5324675324675324,5.1462180871203485,5.838032502506562,88.14987043855645,C1,2007,B3 genomic family model (family only),False,MST
6159.0,51.0,1.0,0.901347064592616,0.9135055353125691,0.91944438893937,,0.4594155844155844,4.932928979189741,5.838032502506562,84.49642884091149,C1,2007,Stage 2 family part only,False,MST
6159.0,51.0,1.0,0.9031894628298256,0.9137547081295057,0.9194182363501296,0.5286132365095151,0.4659090909090909,4.96209171645592,5.838032502506562,84.99595907226355,C1,2007,Stage 2 total (family + within),False,MST
,,,,,,0.5286132365095151,,,,,C1,2007,Within-family model on DEV,False,MST
7415.0,71.0,1.0,0.6560962695628435,0.6412441835047143,0.6615886468011948,,0.5026954177897575,7.647311021049807,8.937616100643904,85.5632076264594,C1,2008,B1 parent history (family only),True,MST
7415.0,71.0,1.0,0.7286379356240195,0.6952191523509326,0.7381182247012877,,0.4555256064690027,7.485653645046666,8.937616100643904,83.75447726499874,C1,2008,B2 parent history + tester (family only),True,MST
7415.0,71.0,1.0,0.7395999876071117,0.6874083361502051,0.7540947568325276,,0.4919137466307278,7.668359553729063,8.937616100643904,85.79871262513281,C1,2008,B3 genomic family model (family only),True,MST
7415.0,71.0,1.0,0.7619665749351205,0.7241509132366948,0.7711664619213688,,0.49595687331536387,7.688682730284801,8.937616100643904,86.02610185652162,C1,2008,Stage 2 family part only,True,MST
7415.0,71.0,1.0,0.7607919590479073,0.7177674059916997,0.7711279939824284,0.29971294776666557,0.5026954177897575,7.776404233707111,8.937616100643904,87.00758844572509,C1,2008,Stage 2 total (family + within),True,MST
,,,,,,0.29971294776666557,,,,,C1,2008,Within-family model on DEV,True,MST
14514.0,82.0,1.0,0.6112145802818427,0.558551723596817,0.6229282233350264,,0.2605099931082012,3.264755253873951,5.299752548086513,61.60203187321826,C2,2004,B1 parent history (family only),False,MST
14514.0,82.0,1.0,0.856849286209353,0.7389861442933029,0.8655093140866145,,0.16609235010337697,2.9666401478546383,5.299752548086513,55.97695592270153,C2,2004,B2 parent history + tester (family only),False,MST
14514.0,82.0,1.0,0.8607242416506021,0.7851968774427202,0.8662634937494857,,0.34734665747760163,3.85097618078385,5.299752548086513,72.6633205200166,C2,2004,B3 genomic family model (family only),False,MST
14514.0,82.0,1.0,0.8607242416506021,0.7851968774427202,0.8662634937494857,,0.34734665747760163,3.85097618078385,5.299752548086513,72.6633205200166,C2,2004,Stage 2 family part only,False,MST
14514.0,82.0,1.0,0.8628281045858833,0.7971684803318669,0.8662634936619451,0.4371960914816301,0.3459682977257064,3.8925132937092872,5.299752548086513,73.44707622461897,C2,2004,Stage 2 total (family + within),False,MST
,,,,,,0.4371960914816301,,,,,C2,2004,Within-family model on DEV,False,MST
12338.0,74.0,1.0,0.7549174579444895,0.7665195777305144,0.7662489550395373,,0.3160453808752026,3.01493525370567,4.759278950919388,63.34857201684408,C2,2005,B1 parent history (family only),False,MST
12338.0,74.0,1.0,0.8457787496570224,0.8370087348613771,0.853991555935811,,0.32982171799027554,3.231940836343581,4.759278950919388,67.90820352564629,C2,2005,B2 parent history + tester (family only),False,MST
12338.0,74.0,1.0,0.8591295589094916,0.8714731397721881,0.8684861478148519,,0.48946515397082657,3.77465115810474,4.759278950919388,79.31140824127488,C2,2005,B3 genomic family model (family only),False,MST
12338.0,74.0,1.0,0.8591295589094916,0.8714731397721881,0.8684861478148519,,0.48946515397082657,3.77465115810474,4.759278950919388,79.31140824127488,C2,2005,Stage 2 family part only,False,MST
12338.0,74.0,1.0,0.8618031307803979,0.8712106204967649,0.868486147868392,0.4079393205136222,0.5056726094003241,3.817832267498874,4.759278950919388,80.21871184418288,C2,2005,Stage 2 total (family + within),False,MST
,,,,,,0.4079393205136222,,,,,C2,2005,Within-family model on DEV,False,MST
6527.0,39.0,1.0,0.5023740116627139,0.5329036315544878,0.5028719257431095,,0.47320061255742724,4.133670918679613,6.936629677956186,59.59192159004747,C2,2006,B1 parent history (family only),False,MST
6527.0,39.0,1.0,0.6453380667874419,0.7385284058611326,0.6520752021005535,,0.2771822358346095,3.088805128388327,6.936629677956186,44.528903398204974,C2,2006,B2 parent history + tester (family only),False,MST
6527.0,39.0,1.0,0.7280518381510338,0.7639665598892832,0.7387221399577357,,0.32465543644716693,3.2661046421493367,6.936629677956186,47.084892718558166,C2,2006,B3 genomic family model (family only),False,MST
6527.0,39.0,1.0,0.7280518381510338,0.7639665598892832,0.7387221399577357,,0.32465543644716693,3.2661046421493367,6.936629677956186,47.084892718558166,C2,2006,Stage 2 family part only,False,MST
6527.0,39.0,1.0,0.7295431705367552,0.771406805792628,0.7387221400365505,0.45390472774857754,0.36294027565084225,3.827383070354866,6.936629677956186,55.17640767991192,C2,2006,Stage 2 total (family + within),False,MST
,,,,,,0.45390472774857754,,,,,C2,2006,Within-family model on DEV,False,MST
6051.0,51.0,1.0,0.3815118536920839,0.31809437274143243,0.38953080763164943,,0.11735537190082644,1.2479061939280869,4.736359198765894,26.347372349910486,C2,2007,B1 parent history (family only),False,MST
6051.0,51.0,1.0,0.7992780312773139,0.8169486320096606,0.8113958758461725,,0.6330578512396694,4.155238033960232,4.736359198765894,87.73063569677996,C2,2007,B2 parent history + tester (family only),False,MST
6051.0,51.0,1.0,0.8438554092400654,0.826773345078382,0.8564741689243461,,0.5785123966942148,3.801790620454128,4.736359198765894,80.26820730667393,C2,2007,B3 genomic family model (family only),False,MST
6051.0,51.0,1.0,0.8438554092400654,0.826773345078382,0.8564741689243461,,0.5785123966942148,3.801790620454128,4.736359198765894,80.26820730667393,C2,2007,Stage 2 family part only,False,MST
6051.0,51.0,1.0,0.8470087448737209,0.8348426841858195,0.8564741689063876,0.39209276780920865,0.5603305785123966,3.736842748331225,4.736359198765894,78.89694576595663,C2,2007,Stage 2 total (family + within),False,MST
,,,,,,0.39209276780920865,,,,,C2,2007,Within-family model on DEV,False,MST
8533.0,86.0,1.0,0.5388552637443036,0.5802714001195758,0.5606767601460427,,0.17936694021101993,2.658733599824798,5.758665950180678,46.16926251367959,C2,2008,B1 parent history (family only),True,MST
8533.0,86.0,1.0,0.7809131559514604,0.7764672844598703,0.8008868186438212,,0.5169988276670574,4.868758125381423,5.758665950180678,84.54663228431693,C2,2008,B2 parent history + tester (family only),True,MST
8533.0,86.0,1.0,0.8121882530846743,0.8026906471364775,0.8385855611470306,,0.37514654161781946,4.142692183340023,5.758665950180678,71.93840065006803,C2,2008,B3 genomic family model (family only),True,MST
8533.0,86.0,1.0,0.8121882530846743,0.8026906471364775,0.8385855611470306,,0.37514654161781946,4.142692183340023,5.758665950180678,71.93840065006803,C2,2008,Stage 2 family part only,True,MST
8533.0,86.0,1.0,0.8162300434411061,0.8117547828053148,0.838588203590689,0.33478670250651077,0.388042203985932,4.253513407652634,5.758665950180678,73.86282594702651,C2,2008,Stage 2 total (family + within),True,MST
,,,,,,0.33478670250651077,,,,,C2,2008,Within-family model on DEV,True,MST
