YEAR_x,LOC,N_ROWS
2000,ARPI,355
2000,COJU,179
2000,GACL,360
2000,GALE,360
2000,GAMY,360
2000,GAOG,540
2000,GAWI,360
2000,IAAM,180
2000,IAAT,717
2000,IABI,177
2000,IABP,180
2000,IADA,139
2000,IADO,174
2000,IADV,175
2000,IAFO,359
2000,IAHS,359
2000,IAMA,353
2000,IAML,540
2000,IANL,360
2000,IAOT,539
2000,IAPA,530
2000,IAPG,536
2000,IAPN,180
2000,IAPO,536
2000,IAPR,359
2000,IASG,360
2000,IASL,973
2000,IASP,1559
2000,IAVN,177
2000,IAWA,540
2000,IAWI,540
2000,IAWL,135
2000,IAWS,179
2000,ILBE,359
2000,ILBM,1236
2000,ILBR,180
2000,ILCA,180
2000,ILCT,180
2000,ILGI,498
2000,ILHA,289
2000,ILHO,360
2000,ILIN,180
2000,ILJA,359
2000,ILMN,2045
2000,ILNH,359
2000,ILOB,360
2000,ILPO,613
2000,ILPP,359
2000,ILRC,135
2000,ILRS,180
2000,ILSO,359
2000,ILST,253
2000,ILSU,174
2000,ILTH,1434
2000,ILTO,180
2000,ILTU,180
2000,ILWA,1141
2000,INEL,535
2000,INFA,535
2000,INOX,180
2000,INWH,314
2000,INWI,360
2000,INWR,535
2000,KSGC,179
2000,KYMA,353
2000,KYST,355
2000,MIAR,166
2000,MIBL,180
2000,MIMA,678
2000,MIWI,538
2000,MNAM,179
2000,MNBI,1215
2000,MNGL,540
2000,MNHI,360
2000,MNOL,497
2000,MNOW,1394
2000,MNPE,360
2000,MNWA,179
2000,MOBR,354
2000,MOBU,354
2000,MOCG,355
2000,MOHA,350
2000,MOMI,1074
2000,MOSC,354
2000,NCPA,180
2000,NCPL,360
2000,NCWA,360
2000,NDBA,538
2000,NEAT,358
2000,NECC,179
2000,NECO,608
2000,NEDA,532
2000,NEGO,357
2000,NEHD,177
2000,NEHE,719
2000,NEKE,538
2000,NEPL,179
2000,NEST,495
2000,NEWA,179
2000,OHPT,715
2000,ONSR,529
2000,SDBR,897
2000,SDCA,180
2000,SDHA,1015
2000,SDPL,356
2000,SDTR,358
2000,TNGR,173
2000,TNUC,353
2000,TXDU,179
2000,VAME,76
2000,WIAR,537
2000,WIMA,316
2000,WIPL,360
2000,WIWA,359
2001,ARPI,111
2001,CONE,176
2001,COOV,175
2001,DESE,693
2001,GACL,344
2001,GALE,631
2001,GAWI,519
2001,IAAT,741
2001,IABP,533
2001,IADA,1253
2001,IADO,176
2001,IADV,183
2001,IAFO,544
2001,IAGE,702
2001,IAGR,183
2001,IAHA,1099
2001,IAHC,548
2001,IAMA,523
2001,IAMD,736
2001,IANL,493
2001,IAOE,172
2001,IAOT,367
2001,IAPA,1055
2001,IAPR,534
2001,IARO,1118
2001,IARU,891
2001,IASG,360
2001,IASL,562
2001,IASP,1031
2001,IAVI,547
2001,IAWA,673
2001,IAWI,692
2001,IAWL,184
2001,ILAD,184
2001,ILAE,184
2001,ILBM,2718
2001,ILBR,184
2001,ILCA,360
2001,ILGO,356
2001,ILHA,111
2001,ILHO,356
2001,ILIN,536
2001,ILMN,2359
2001,ILMO,526
2001,ILMR,190
2001,ILNH,189
2001,ILPA,618
2001,ILPP,184
2001,ILRS,540
2001,ILRT,180
2001,ILST,533
2001,ILTH,2080
2001,ILTO,184
2001,ILTU,182
2001,ILWA,899
2001,INBO,873
2001,INEL,2318
2001,INFA,912
2001,INFL,186
2001,INFR,180
2001,INNE,729
2001,INOX,2232
2001,INVI,899
2001,INWH,184
2001,INWR,732
2001,KSHL,980
2001,MDGA,690
2001,MIBL,339
2001,MIBR,530
2001,MIMA,177
2001,MIVI,332
2001,MIWI,503
2001,MNBI,1572
2001,MNEL,738
2001,MNFA,538
2001,MNGL,915
2001,MNHA,184
2001,MNKA,362
2001,MNLE,362
2001,MNOL,1250
2001,MNOW,2289
2001,MNPE,738
2001,MNSV,179
2001,MNWA,362
2001,MNWN,183
2001,MOBU,720
2001,MOCG,111
2001,MOHA,720
2001,MOMI,1820
2001,MOSC,720
2001,NCMO,175
2001,NCPA,334
2001,NCPL,186
2001,NDBA,908
2001,NEAR,179
2001,NEBR,176
2001,NEBY,130
2001,NECC,321
2001,NECO,2000
2001,NEDA,1237
2001,NEDC,130
2001,NEFU,179
2001,NEGO,698
2001,NEHE,906
2001,NEHM,1213
2001,NEHR,354
2001,NEKE,1278
2001,NEOV,712
2001,NEOX,537
2001,NEPL,130
2001,NEST,184
2001,OHBG,180
2001,OHDE,873
2001,OHGR,180
2001,OHPI,873
2001,OHPT,1961
2001,ONLO,177
2001,ONMR,183
2001,ONPB,179
2001,SDCA,180
2001,SDEP,1057
2001,SDHA,873
2001,SDPL,515
2001,TNUC,623
2001,VAME,183
2001,WIAR,1424
2001,WIGA,362
2001,WIJA,153
2001,WILR,186
2001,WIMA,186
2001,WIMR,502
2001,WIWA,360
2002,ARPI,332
2002,DESE,485
2002,GACL,332
2002,GALE,815
2002,GAMY,323
2002,IAAM,524
2002,IAAT,1044
2002,IABP,1137
2002,IADA,878
2002,IADO,461
2002,IADV,521
2002,IAFO,305
2002,IAGE,299
2002,IAGR,507
2002,IAHA,524
2002,IAHO,917
2002,IAJE,1187
2002,IAMA,464
2002,IAMD,688
2002,IANH,309
2002,IANL,506
2002,IAOE,317
2002,IAOT,706
2002,IAPA,613
2002,IAPE,327
2002,IAPG,994
2002,IAPL,134
2002,IAPN,365
2002,IAPO,513
2002,IAPR,160
2002,IARI,167
2002,IARU,374
2002,IASH,1394
2002,IASL,134
2002,IASP,1314
2002,IAWA,999
2002,IAWE,724
2002,IAWI,1225
2002,IAWL,1088
2002,ILAE,184
2002,ILBE,1198
2002,ILBM,494
2002,ILHO,146
2002,ILIN,174
2002,ILMN,518
2002,ILMO,447
2002,ILNH,502
2002,ILOR,145
2002,ILPP,502
2002,ILRC,726
2002,ILRI,347
2002,ILRO,178
2002,ILSO,1805
2002,ILST,637
2002,ILSU,293
2002,ILTH,1170
2002,ILTO,174
2002,ILWA,1588
2002,INBO,665
2002,INBU,173
2002,INEL,1678
2002,INEV,184
2002,INFR,174
2002,INND,185
2002,INNE,1341
2002,INOX,1005
2002,INPO,347
2002,INVI,340
2002,INWH,896
2002,KSPL,319
2002,KSSU,158
2002,KYST,347
2002,MDGA,492
2002,MIAR,153
2002,MIMC,148
2002,MISC,184
2002,MIWI,466
2002,MNAD,148
2002,MNBI,1588
2002,MNBU,476
2002,MNCF,1108
2002,MNEL,422
2002,MNFA,1179
2002,MNGL,148
2002,MNGW,186
2002,MNHI,148
2002,MNKE,740
2002,MNLE,57
2002,MNLI,132
2002,MNMA,1545
2002,MNOL,724
2002,MNOW,2035
2002,MNPI,153
2002,MNPR,269
2002,MNWA,839
2002,MOBU,875
2002,MOCG,500
2002,MOHA,868
2002,MOMI,1102
2002,MOMR,1552
2002,MOSC,348
2002,NCMO,329
2002,NCPA,668
2002,NCSA,163
2002,NCWA,497
2002,NDAR,148
2002,NDBL,148
2002,NEBR,161
2002,NEBY,164
2002,NECO,343
2002,NEDA,1334
2002,NEFU,155
2002,NEGO,666
2002,NEHE,991
2002,NEHM,853
2002,NEOX,492
2002,NEPO,480
2002,NEST,1629
2002,OHBG,173
2002,OHDE,511
2002,OHGR,347
2002,OHPT,1810
2002,ONMO,148
2002,ONSR,170
2002,ONST,153
2002,SDBR,856
2002,SDCA,847
2002,SDEP,1346
2002,SDHA,851
2002,SDPL,837
2002,SDTR,681
2002,TNGR,500
2002,TNUC,820
2002,TXDA,164
2002,VAME,1034
2002,WIAR,1523
2002,WIGA,132
2002,WIGR,184
2002,WIJA,372
2002,WILO,299
2002,WIMA,172
2002,WIMR,148
2002,WIPL,269
2002,WIWA,554
2003,ARMA,609
2003,ARPI,560
2003,COOV,317
2003,DESE,711
2003,GACL,425
2003,GAMY,1332
2003,GASF,589
2003,GAWI,187
2003,IAAM,342
2003,IABR,1054
2003,IACN,522
2003,IADA,3305
2003,IADV,339
2003,IAFO,1010
2003,IAGE,2107
2003,IAGR,320
2003,IAHA,151
2003,IAHL,326
2003,IAHO,729
2003,IAHU,1033
2003,IAJE,699
2003,IAMD,862
2003,IANH,2268
2003,IANL,181
2003,IAOE,670
2003,IAOT,528
2003,IAPE,726
2003,IAPN,551
2003,IAPO,175
2003,IAPR,3841
2003,IARI,172
2003,IASA,1264
2003,IASG,712
2003,IASL,2207
2003,IASP,2508
2003,IAWA,166
2003,IAWE,1088
2003,IAWI,547
2003,IAWL,162
2003,IAWS,667
2003,IIAL,1296
2003,ILAE,145
2003,ILBE,716
2003,ILBM,4810
2003,ILBR,932
2003,ILLA,562
2003,ILMN,2864
2003,ILNH,688
2003,ILOB,170
2003,ILOR,678
2003,ILPA,1167
2003,ILPG,1981
2003,ILPO,350
2003,ILPP,5072
2003,ILRC,2297
2003,ILRS,2608
2003,ILSO,1716
2003,ILST,992
2003,ILSU,1060
2003,ILTO,2350
2003,ILWA,6293
2003,INBO,1562
2003,INBU,540
2003,INEL,2461
2003,INFR,186
2003,INGR,1579
2003,INHA,336
2003,INND,172
2003,INNE,4355
2003,INOX,2854
2003,INPO,2603
2003,INRM,176
2003,INRO,1786
2003,INRU,172
2003,INVI,1930
2003,INWH,3924
2003,INWR,680
2003,KSGC,1215
2003,KSJO,542
2003,KSSU,556
2003,KYHO,184
2003,KYST,163
2003,MCHE,165
2003,MDGA,1892
2003,MDLI,983
2003,MIAS,168
2003,MIBL,739
2003,MICL,822
2003,MIFA,304
2003,MIMA,700
2003,MIMC,184
2003,MISC,183
2003,MIWI,334
2003,MNBE,978
2003,MNBI,2742
2003,MNBR,1024
2003,MNBU,1333
2003,MNCF,1054
2003,MNCO,1518
2003,MNDA,330
2003,MNEL,171
2003,MNGI,1634
2003,MNGL,669
2003,MNKE,524
2003,MNLA,1010
2003,MNLE,172
2003,MNLI,320
2003,MNMA,180
2003,MNMO,1149
2003,MNOL,1378
2003,MNOW,4711
2003,MNPR,152
2003,MNSV,310
2003,MNWA,978
2003,MOBU,174
2003,MOCG,781
2003,MOCH,1008
2003,MODE,172
2003,MOKI,172
2003,MOMI,2552
2003,MOMR,1077
2003,NCMO,370
2003,NCPA,984
2003,NCSA,374
2003,NCWA,425
2003,NDBA,839
2003,NEAL,518
2003,NEDA,2722
2003,NEGO,2664
2003,NEGR,519
2003,NEHM,2593
2003,NEKE,2475
2003,NEOX,179
2003,NEPO,1665
2003,NEST,3911
2003,NEWA,174
2003,NEWC,922
2003,OHDE,1827
2003,OHGE,2615
2003,OHGR,348
2003,OHPC,3416
2003,OHPI,171
2003,OHPT,2758
2003,ONKT,184
2003,ONLO,1014
2003,ONPB,152
2003,PALI,176
2003,SDEP,876
2003,SDTR,1323
2003,TNUC,1432
2003,TXDA,362
2003,WIAR,1166
2003,WICU,171
2003,WIDE,1343
2003,WIGA,1166
2003,WIGL,1166
2003,WIJA,3096
2003,WIMA,1914
2003,WIMR,171
2003,WIPL,184
2003,WIPO,387
2003,WIWA,170
2004,ARMA,1234
2004,ARPI,1565
2004,COOV,1578
2004,DESE,685
2004,FLGR,363
2004,GACL,508
2004,GAMY,1039
2004,GASM,1559
2004,GAWI,181
2004,IAAT,895
2004,IABI,1404
2004,IABP,734
2004,IABR,1408
2004,IACN,1237
2004,IACR,1269
2004,IADA,3721
2004,IADV,557
2004,IAFO,183
2004,IAGE,727
2004,IAHA,179
2004,IAHC,2205
2004,IAHL,898
2004,IAHO,1437
2004,IAHU,901
2004,IAJE,1765
2004,IALU,1794
2004,IAMD,1731
2004,IANL,2656
2004,IAOT,2849
2004,IAPN,1630
2004,IAPO,1060
2004,IAPR,2116
2004,IASA,2121
2004,IASG,522
2004,IASL,366
2004,IASP,2773
2004,IAWA,2156
2004,IAWE,878
2004,IIAL,178
2004,ILAE,1266
2004,ILBE,1886
2004,ILBM,2718
2004,ILBP,2837
2004,ILBR,3533
2004,ILCP,1607
2004,ILHA,2382
2004,ILIR,1646
2004,ILLA,539
2004,ILMN,4277
2004,ILMO,879
2004,ILOB,181
2004,ILOR,1950
2004,ILPA,1041
2004,ILPO,2123
2004,ILPP,7270
2004,ILRC,1251
2004,ILRS,4109
2004,ILSO,3503
2004,ILST,1950
2004,ILSU,179
2004,ILWA,2791
2004,INBU,894
2004,INCC,357
2004,INEL,1605
2004,INFL,1074
2004,INFR,1440
2004,INLB,1280
2004,INLE,715
2004,INLN,371
2004,INMU,1081
2004,INNE,366
2004,INOX,544
2004,INPO,352
2004,INRL,717
2004,INRU,2509
2004,INVI,1945
2004,INWI,3619
2004,INWN,1058
2004,INWR,1237
2004,KSGC,4554
2004,KSHO,371
2004,KSJO,878
2004,KYHO,689
2004,KYMA,178
2004,KYST,363
2004,MDGA,2147
2004,MDLI,773
2004,MDQE,336
2004,MIBL,866
2004,MICL,178
2004,MIFA,719
2004,MISH,182
2004,MIVI,183
2004,MIWI,180
2004,MNBI,4585
2004,MNBR,171
2004,MNBU,1590
2004,MNCO,367
2004,MNCS,355
2004,MNDA,1431
2004,MNDB,901
2004,MNDE,1074
2004,MNHA,534
2004,MNKE,1773
2004,MNLA,184
2004,MNLE,537
2004,MNOW,878
2004,MNPN,894
2004,MNSV,870
2004,MNVC,897
2004,MNWA,878
2004,MOCG,323
2004,MODE,673
2004,MOFG,360
2004,MOHA,1417
2004,MOHU,698
2004,MOMI,1085
2004,MOMR,3349
2004,MONE,357
2004,MOSU,1111
2004,NCBV,367
2004,NCFA,854
2004,NCMO,320
2004,NCPA,185
2004,NCSA,157
2004,NEAL,1911
2004,NEAR,1249
2004,NEAT,1086
2004,NEAU,1892
2004,NEBY,1788
2004,NECL,1627
2004,NECO,1292
2004,NEDA,3748
2004,NEGO,3607
2004,NEGR,1238
2004,NEHA,2353
2004,NEKE,2858
2004,NELN,1431
2004,NEOV,1788
2004,NEOX,1421
2004,NEPO,3768
2004,NEST,689
2004,NEWA,180
2004,NEYO,907
2004,OHCH,358
2004,OHDE,881
2004,OHGE,3907
2004,OHGR,1256
2004,OHPC,353
2004,OHPI,1078
2004,OHPT,1059
2004,OHUC,378
2004,ONLO,360
2004,ONPB,176
2004,ONST,182
2004,PABA,186
2004,PALI,172
2004,SCBA,372
2004,SCFL,178
2004,SDEP,876
2004,SDTR,1404
2004,TNGR,880
2004,TNUC,488
2004,TXDA,901
2004,VACC,361
2004,VAME,515
2004,WIDE,1250
2004,WIGA,880
2004,WIGL,718
2004,WIJA,902
2004,WILE,1431
2004,WIMA,721
2004,WINL,363
2004,WIPL,182
2004,WIPO,1418
2004,WIWA,178
2005,ARMA,178
2005,ARPI,2736
2005,DESE,299
2005,FLGR,446
2005,GACA,171
2005,GACL,135
2005,GAMY,504
2005,GASM,1035
2005,IAAN,3543
2005,IAAT,534
2005,IABI,146
2005,IABO,2224
2005,IACA,842
2005,IACR,875
2005,IADA,3154
2005,IADX,363
2005,IAFO,545
2005,IAGE,2665
2005,IAGG,2744
2005,IAHL,1063
2005,IAHO,2129
2005,IAHU,895
2005,IAJE,446
2005,IAMD,1348
2005,IANL,2250
2005,IAOE,356
2005,IAOT,1385
2005,IAPN,1220
2005,IAPO,522
2005,IAPR,515
2005,IARI,888
2005,IASA,1713
2005,IASG,178
2005,IAWA,1251
2005,IAWE,451
2005,IAWL,1359
2005,IIAL,898
2005,ILAB,1559
2005,ILAE,897
2005,ILBE,661
2005,ILBM,4210
2005,ILBP,352
2005,ILBR,535
2005,ILCI,353
2005,ILCP,1252
2005,ILGI,319
2005,ILGT,16
2005,ILHA,477
2005,ILIN,1041
2005,ILIR,342
2005,ILLA,508
2005,ILMI,1802
2005,ILMN,3227
2005,ILMZ,1409
2005,ILNH,487
2005,ILOR,1252
2005,ILPA,170
2005,ILPO,91
2005,ILPP,5580
2005,ILRC,3427
2005,ILRI,353
2005,ILRS,1053
2005,ILSI,364
2005,ILST,667
2005,ILTH,820
2005,ILWA,180
2005,INBU,307
2005,INCC,1013
2005,INEL,1021
2005,INFL,1226
2005,INFR,901
2005,INHA,2884
2005,INKI,166
2005,INLB,6767
2005,INNE,3293
2005,INOX,882
2005,INRU,462
2005,INWI,841
2005,INWL,536
2005,INWR,1180
2005,KSGC,603
2005,KSHO,301
2005,KSJO,413
2005,LEIA,813
2005,MCHE,171
2005,MDGA,1163
2005,MDLI,1167
2005,MDQE,1097
2005,MIBL,712
2005,MIFA,183
2005,MIIT,283
2005,MISC,182
2005,MISH,180
2005,MIVI,326
2005,MNBI,4640
2005,MNBU,1625
2005,MNCF,491
2005,MNCO,651
2005,MNCS,182
2005,MNDA,179
2005,MNDB,991
2005,MNGL,722
2005,MNKE,2471
2005,MNLA,306
2005,MNOW,2579
2005,MNPN,495
2005,MNSV,291
2005,MNVC,819
2005,MNWA,697
2005,MODE,295
2005,MOFG,637
2005,MOHA,360
2005,MOMI,175
2005,MOMO,719
2005,MOMR,1196
2005,MONE,654
2005,MOWA,2265
2005,NCLU,135
2005,NCPL,305
2005,NDBA,852
2005,NEAI,2278
2005,NEAL,984
2005,NEAR,145
2005,NEAT,537
2005,NEAU,342
2005,NECL,170
2005,NECO,2689
2005,NEDA,1753
2005,NEFU,1097
2005,NEGO,2237
2005,NEKE,1263
2005,NEMI,179
2005,NENI,1612
2005,NEOV,184
2005,NEOX,900
2005,NEPO,2319
2005,NESH,2661
2005,NEST,3680
2005,NETK,524
2005,OHCI,179
2005,OHDE,650
2005,OHGE,1112
2005,OHPC,1636
2005,OHPT,2297
2005,OHSI,156
2005,OHUC,2178
2005,OHVW,676
2005,OHWC,895
2005,ONTA,182
2005,SDEP,717
2005,SDTR,900
2005,TNUC,427
2005,VACC,331
2005,WIDE,357
2005,WIJA,177
2005,WILE,874
2005,WIMA,128
2005,WIMN,851
2005,WIPL,182
2005,WIPO,316
2006,ARPI,320
2006,GAIR,673
2006,GASS,665
2006,IAAM,356
2006,IABI,986
2006,IACA,511
2006,IADC,181
2006,IADS,64
2006,IADV,239
2006,IADX,1025
2006,IAGE,333
2006,IAGG,352
2006,IAGN,826
2006,IAHC,1363
2006,IAHL,1214
2006,IAHO,1671
2006,IAHY,306
2006,IAJE,3
2006,IALI,598
2006,IALU,91
2006,IAMO,349
2006,IANH,700
2006,IANL,180
2006,IAOE,168
2006,IAOT,1328
2006,IAPC,821
2006,IAPN,1476
2006,IAPR,543
2006,IARI,528
2006,IASA,1007
2006,IASU,1540
2006,IAWA,552
2006,IAWE,692
2006,IAWS,513
2006,IIAL,542
2006,ILAE,185
2006,ILBE,1384
2006,ILBM,1222
2006,ILBN,182
2006,ILBP,3531
2006,ILBR,1192
2006,ILCC,1156
2006,ILCE,176
2006,ILCI,719
2006,ILCP,602
2006,ILFM,342
2006,ILGI,785
2006,ILIN,273
2006,ILLA,338
2006,ILMI,56
2006,ILMN,2016
2006,ILMR,843
2006,ILMZ,173
2006,ILOR,329
2006,ILPP,2924
2006,ILRI,321
2006,ILRS,502
2006,ILSO,1125
2006,ILTH,315
2006,ILWA,1940
2006,ILWB,436
2006,INAD,1057
2006,INBO,521
2006,INCC,888
2006,INEL,1198
2006,INFB,1548
2006,INFO,1570
2006,INFR,331
2006,INLB,55
2006,INPO,344
2006,INRU,366
2006,INWI,592
2006,INWL,699
2006,INWN,857
2006,KSGC,611
2006,KSHO,455
2006,KSJO,319
2006,KSKI,77
2006,KSSU,169
2006,KYBG,1008
2006,KYMA,1112
2006,MDGA,691
2006,MDLI,273
2006,MDQE,525
2006,MIBL,486
2006,MIIT,180
2006,MISC,471
2006,MISH,186
2006,MNBI,2481
2006,MNBU,846
2006,MNCF,175
2006,MNCO,345
2006,MNDA,664
2006,MNGL,186
2006,MNKE,665
2006,MNLA,316
2006,MNMO,159
2006,MNMY,1731
2006,MNOL,355
2006,MNOW,516
2006,MNRA,708
2006,MNSE,357
2006,MNVC,1019
2006,MNWA,693
2006,MOBU,267
2006,MOCR,170
2006,MOHA,907
2006,MOMI,185
2006,MOMR,1039
2006,MOWA,2711
2006,MSRF,1213
2006,NCPL,145
2006,NCSA,529
2006,NDBA,345
2006,NEAI,355
2006,NEAL,958
2006,NEAR,365
2006,NEAU,1398
2006,NEBT,810
2006,NECL,90
2006,NECO,240
2006,NEDA,497
2006,NEDE,495
2006,NEFU,91
2006,NEGO,1594
2006,NEKE,731
2006,NEMI,91
2006,NENI,1627
2006,NEOV,520
2006,NEPX,284
2006,NESH,676
2006,NEST,6102
2006,NEWC,524
2006,NEWH,56
2006,OHAR,1777
2006,OHBG,482
2006,OHPC,652
2006,OHPT,338
2006,OHSI,180
2006,OHUC,476
2006,ONTA,186
2006,PABA,179
2006,SCSN,889
2006,SDHA,171
2006,TNUC,1171
2006,TXDU,186
2006,VACC,179
2006,VAME,273
2006,WICE,186
2006,WIEG,166
2006,WIGL,185
2006,WIJA,1688
2006,WILE,832
2006,WIPL,186
2006,WIPO,361
2007,ARPI,135
2007,GACA,547
2007,GALE,1019
2007,IABI,243
2007,IABO,208
2007,IACN,159
2007,IADC,162
2007,IADR,1037
2007,IADS,235
2007,IADV,135
2007,IAES,719
2007,IAFO,475
2007,IAGE,708
2007,IAGG,1942
2007,IAHC,303
2007,IAHO,266
2007,IAHV,182
2007,IALI,805
2007,IALU,184
2007,IAMD,181
2007,IAMW,792
2007,IAMX,594
2007,IANL,213
2007,IAPC,497
2007,IAPN,746
2007,IAPO,249
2007,IAPR,351
2007,IASA,682
2007,IASG,180
2007,IASK,514
2007,IAWA,343
2007,IAWE,599
2007,IAWO,299
2007,IAWS,875
2007,ILAB,309
2007,ILAE,50
2007,ILBE,323
2007,ILBM,1553
2007,ILBN,697
2007,ILBP,1017
2007,ILBR,483
2007,ILCC,2424
2007,ILCE,482
2007,ILCP,591
2007,ILFC,216
2007,ILFL,112
2007,ILFN,516
2007,ILFT,856
2007,ILGI,496
2007,ILHA,532
2007,ILIN,840
2007,ILIR,104
2007,ILKI,360
2007,ILLA,565
2007,ILMI,266
2007,ILML,1333
2007,ILMR,159
2007,ILMZ,707
2007,ILNH,163
2007,ILOR,320
2007,ILPA,159
2007,ILPL,698
2007,ILPP,1396
2007,ILRS,704
2007,ILWC,361
2007,INAD,1498
2007,INBU,137
2007,INCC,338
2007,INEL,878
2007,INFO,88
2007,INFR,159
2007,INGD,674
2007,INHE,196
2007,INHL,313
2007,INNE,472
2007,INOX,235
2007,INPO,342
2007,INVI,571
2007,INWI,179
2007,INWN,178
2007,KSHL,365
2007,KSHO,167
2007,KSJO,201
2007,KYBG,191
2007,KYMA,261
2007,KYST,574
2007,LIRA,85
2007,MDLI,360
2007,MIBL,900
2007,MIFA,173
2007,MIFU,243
2007,MISC,223
2007,MISH,252
2007,MITE,274
2007,MNBE,259
2007,MNBI,1396
2007,MNBU,801
2007,MNCO,329
2007,MNDB,693
2007,MNGI,158
2007,MNGL,395
2007,MNHE,226
2007,MNLE,590
2007,MNMY,277
2007,MNOW,545
2007,MNRA,532
2007,MNSE,491
2007,MNSO,275
2007,MNVC,39
2007,MNWA,931
2007,MOCG,363
2007,MOCR,609
2007,MOHA,87
2007,MOHU,180
2007,MOMI,460
2007,MOMR,334
2007,MONE,107
2007,MONO,542
2007,MOTH,210
2007,MSRF,1143
2007,NCFV,848
2007,NDBA,380
2007,NEAR,113
2007,NEBD,87
2007,NEBR,106
2007,NECA,312
2007,NECL,109
2007,NECO,182
2007,NEDA,444
2007,NEDE,756
2007,NEFU,155
2007,NEGO,1521
2007,NEHN,354
2007,NELN,80
2007,NEMI,246
2007,NEOX,131
2007,NEPM,207
2007,NEPO,1048
2007,NEPP,373
2007,NEPR,395
2007,NESH,847
2007,NEST,1712
2007,OHAR,624
2007,OHDL,137
2007,OHGN,278
2007,OHGT,213
2007,OHPC,442
2007,OHPT,698
2007,OHUC,199
2007,OHWC,307
2007,ONKT,170
2007,ONTA,88
2007,SCGB,727
2007,SDAB,161
2007,SDCA,682
2007,SDDA,331
2007,SDHA,87
2007,SDHU,136
2007,SDPL,138
2007,SDWR,328
2007,TNUC,981
2007,TXDA,142
2007,VAME,46
2007,WIGL,170
2007,WIJA,1594
2007,WIMA,338
2007,WIMN,421
2007,WIPL,251
2007,WIPO,633
2007,WIWA,200
2008,IAAE,1663
2008,IABE,228
2008,IABI,149
2008,IACJ,279
2008,IADS,138
2008,IAEL,145
2008,IAER,1273
2008,IAES,167
2008,IAFO,87
2008,IAGE,1249
2008,IAGS,765
2008,IAHC,695
2008,IAHL,347
2008,IAJE,164
2008,IALI,285
2008,IALW,511
2008,IAMD,224
2008,IAMH,328
2008,IAMX,54
2008,IANH,839
2008,IAOE,151
2008,IAOT,201
2008,IAPC,214
2008,IAPN,578
2008,IAPR,74
2008,IARY,367
2008,IASA,301
2008,IASG,205
2008,IASK,138
2008,IASU,521
2008,IAWC,141
2008,IAWE,472
2008,IAWO,317
2008,ILAB,574
2008,ILBE,370
2008,ILBM,235
2008,ILBN,737
2008,ILBP,146
2008,ILBR,387
2008,ILCC,939
2008,ILCI,153
2008,ILFC,114
2008,ILFN,460
2008,ILFS,454
2008,ILFT,380
2008,ILGI,781
2008,ILHA,314
2008,ILHN,86
2008,ILHR,184
2008,ILIN,967
2008,ILIO,590
2008,ILLE,738
2008,ILMI,392
2008,ILML,901
2008,ILMR,217
2008,ILMZ,666
2008,ILNM,1510
2008,ILOR,222
2008,ILPA,511
2008,ILPL,280
2008,ILPO,55
2008,ILPP,2348
2008,ILRS,449
2008,ILSN,276
2008,ILSO,408
2008,ILTH,350
2008,INAD,441
2008,INBO,123
2008,INEL,635
2008,INFO,53
2008,INHE,121
2008,INHL,648
2008,INOX,162
2008,INRU,113
2008,INWN,104
2008,INWS,65
2008,KSDO,384
2008,KSGC,150
2008,KSHL,87
2008,KSHO,473
2008,KSJO,150
2008,KSSC,445
2008,KYBG,67
2008,KYHO,66
2008,KYST,265
2008,MDGA,359
2008,MDLI,138
2008,MIBL,64
2008,MIIT,562
2008,MIMK,160
2008,MISA,208
2008,MISC,85
2008,MISD,179
2008,MISH,647
2008,MITE,674
2008,MNAD,1286
2008,MNBI,1413
2008,MNBN,201
2008,MNBU,203
2008,MNCF,932
2008,MNCH,46
2008,MNCS,467
2008,MNCY,140
2008,MNDE,332
2008,MNEL,435
2008,MNFA,450
2008,MNGI,527
2008,MNGL,2518
2008,MNHA,273
2008,MNHE,799
2008,MNKA,521
2008,MNKE,604
2008,MNLE,407
2008,MNMO,1129
2008,MNOL,837
2008,MNOW,669
2008,MNPE,66
2008,MNPR,276
2008,MNRA,397
2008,MNSE,746
2008,MNVC,727
2008,MNWA,944
2008,MOBU,267
2008,MOCH,123
2008,MOHA,348
2008,MOMI,364
2008,MOMR,115
2008,MONO,531
2008,MOWA,634
2008,NEAL,81
2008,NEAR,685
2008,NEBD,115
2008,NECL,754
2008,NEDA,280
2008,NEDE,310
2008,NEGO,1795
2008,NEHN,1383
2008,NELN,434
2008,NEMI,258
2008,NEOV,264
2008,NEOX,88
2008,NEPO,540
2008,NEPP,961
2008,NESH,309
2008,NEST,185
2008,NEWC,488
2008,OHAR,156
2008,OHCI,328
2008,OHDE,45
2008,OHGN,133
2008,OHGT,488
2008,OHPC,129
2008,OHPT,554
2008,OHUC,130
2008,ONBL,885
2008,ONDR,291
2008,ONEL,1391
2008,ONEM,699
2008,ONKT,73
2008,ONMO,1122
2008,ONMR,275
2008,ONST,967
2008,ONTA,1330
2008,PABA,414
2008,PALI,67
2008,SDBO,503
2008,SDCA,603
2008,SDDA,471
2008,SDHA,858
2008,SDPA,315
2008,TNMR,636
2008,WIAC,1414
2008,WIBO,370
2008,WIDE,1169
2008,WIGL,396
2008,WIJA,1456
2008,WILE,549
2008,WIMR,927
2008,WIPO,438
2008,WIUI,320
2008,WIWA,635
