COLUMN,N_MISSING,PCT_MISSING
YEAR,0,0.0
LOC,0,0.0
X04_PRCP,0,0.0
X05_PRCP,0,0.0
X06_PRCP,0,0.0
X07_PRCP,0,0.0
X08_PRCP,0,0.0
X09_PRCP,0,0.0
X10_PRCP,0,0.0
X04_TAVG,0,0.0
X05_TAVG,0,0.0
X06_TAVG,0,0.0
X07_TAVG,0,0.0
X08_TAVG,0,0.0
X09_TAVG,0,0.0
X10_TAVG,0,0.0
X04_DP01,0,0.0
X05_DP01,0,0.0
X06_DP01,0,0.0
X07_DP01,0,0.0
X08_DP01,0,0.0
X09_DP01,0,0.0
X10_DP01,0,0.0
X04_DP10,0,0.0
X05_DP10,0,0.0
X06_DP10,0,0.0
X07_DP10,0,0.0
X08_DP10,0,0.0
X09_DP10,0,0.0
X10_DP10,0,0.0
X04_HTDD,0,0.0
X05_HTDD,0,0.0
X06_HTDD,0,0.0
X07_HTDD,0,0.0
X08_HTDD,0,0.0
X09_HTDD,0,0.0
X10_HTDD,0,0.0
X04_CLDD,0,0.0
X05_CLDD,0,0.0
X06_CLDD,0,0.0
X07_CLDD,0,0.0
X08_CLDD,0,0.0
X09_CLDD,0,0.0
X10_CLDD,0,0.0
cfvo_0_5cm,0,0.0
cfvo_5_15cm,0,0.0
cfvo_15_30cm,0,0.0
cfvo_30_60cm,0,0.0
cfvo_60_100cm,0,0.0
cfvo_100_200cm,0,0.0
clay_0_5cm,0,0.0
clay_5_15cm,0,0.0
clay_15_30cm,0,0.0
clay_30_60cm,0,0.0
clay_60_100cm,0,0.0
clay_100_200cm,0,0.0
silt_0_5cm,0,0.0
silt_5_15cm,0,0.0
silt_15_30cm,0,0.0
silt_30_60cm,0,0.0
silt_60_100cm,0,0.0
silt_100_200cm,0,0.0
nitrogen_0_5cm,0,0.0
nitrogen_5_15cm,0,0.0
nitrogen_15_30cm,0,0.0
nitrogen_30_60cm,0,0.0
nitrogen_60_100cm,0,0.0
nitrogen_100_200cm,0,0.0
sand_0_5cm,0,0.0
sand_5_15cm,0,0.0
sand_15_30cm,0,0.0
sand_30_60cm,0,0.0
sand_60_100cm,0,0.0
sand_100_200cm,0,0.0
phh2o_0_5cm,0,0.0
phh2o_5_15cm,0,0.0
phh2o_15_30cm,0,0.0
phh2o_30_60cm,0,0.0
phh2o_60_100cm,0,0.0
phh2o_100_200cm,0,0.0
soc_0_5cm,0,0.0
soc_5_15cm,0,0.0
soc_15_30cm,0,0.0
soc_30_60cm,0,0.0
soc_60_100cm,0,0.0
soc_100_200cm,0,0.0
